gender,SeniorCitizen,Partner,Dependents,tenure,PhoneService,MultipleLines,InternetService,OnlineSecurity,OnlineBackup,DeviceProtection,TechSupport,StreamingTV,StreamingMovies,Contract,PaperlessBilling,PaymentMethod,MonthlyCharges,TotalCharges,Churn
Male,0,0,0,1,1,0.0,No,0.0,0.0,0.0,0.0,0.0,0.0,Month-to-month,0,Mailed check,19.1,19.1,0.0
Female,0,0,0,66,0,0.0,DSL,1.0,0.0,1.0,1.0,1.0,1.0,Two year,1,Bank transfer (automatic),61.35,4193.4,0.0
Male,0,0,0,66,1,1.0,DSL,1.0,1.0,1.0,0.0,0.0,1.0,Two year,1,Credit card (automatic),74.6,4798.4,0.0
Female,1,0,0,5,1,0.0,Fiber optic,0.0,0.0,0.0,0.0,0.0,0.0,Month-to-month,1,Mailed check,69.05,318.5,1.0
Female,0,1,0,21,1,0.0,Fiber optic,0.0,0.0,0.0,1.0,1.0,0.0,Month-to-month,1,Electronic check,86.05,1818.9,0.0
Female,0,0,0,36,1,1.0,Fiber optic,0.0,1.0,1.0,0.0,1.0,1.0,One year,1,Bank transfer (automatic),104.8,3886.45,0.0
Female,0,0,0,12,1,0.0,Fiber optic,0.0,0.0,1.0,0.0,1.0,1.0,One year,0,Mailed check,95.5,1115.15,1.0
Male,0,0,0,11,1,0.0,DSL,0.0,1.0,1.0,1.0,0.0,0.0,Month-to-month,1,Electronic check,60.9,688.5,0.0
Male,1,1,0,68,0,0.0,DSL,1.0,1.0,1.0,0.0,0.0,0.0,Two year,1,Electronic check,41.95,2965.75,0.0
Male,0,0,0,72,1,1.0,No,0.0,0.0,0.0,0.0,0.0,0.0,Two year,0,Bank transfer (automatic),24.75,1777.6,0.0
Female,0,1,0,64,1,0.0,DSL,0.0,1.0,1.0,1.0,0.0,1.0,Two year,1,Mailed check,68.3,4378.8,0.0
Male,0,1,1,68,1,1.0,Fiber optic,1.0,1.0,1.0,1.0,1.0,1.0,Two year,1,Electronic check,113.15,7856.0,1.0
Male,0,1,0,53,0,0.0,DSL,0.0,1.0,1.0,1.0,1.0,1.0,One year,1,Electronic check,60.45,3184.25,1.0
Male,0,1,0,59,0,0.0,DSL,0.0,0.0,0.0,0.0,1.0,1.0,Month-to-month,1,Electronic check,44.3,2666.75,0.0
Male,0,1,0,70,1,1.0,DSL,1.0,1.0,1.0,1.0,1.0,0.0,One year,0,Bank transfer (automatic),79.4,5528.9,0.0
Male,0,1,1,70,1,1.0,No,0.0,0.0,0.0,0.0,0.0,0.0,Two year,0,Credit card (automatic),25.15,1790.15,0.0
Male,0,0,0,1,1,0.0,Fiber optic,0.0,0.0,0.0,0.0,0.0,0.0,Month-to-month,1,Mailed check,71.35,71.35,1.0
Female,0,1,0,59,1,1.0,DSL,0.0,1.0,0.0,1.0,1.0,1.0,One year,1,Electronic check,80.1,4693.2,0.0
Female,0,1,1,54,1,1.0,DSL,0.0,1.0,1.0,0.0,0.0,0.0,Two year,1,Bank transfer (automatic),59.8,3246.45,0.0
Female,0,0,0,13,0,0.0,DSL,0.0,0.0,0.0,0.0,0.0,1.0,Month-to-month,1,Electronic check,35.1,446.1,1.0
Male,1,0,0,54,1,0.0,DSL,0.0,0.0,1.0,1.0,0.0,1.0,One year,0,Bank transfer (automatic),65.25,3529.95,0.0
Male,0,0,1,39,0,0.0,DSL,0.0,0.0,1.0,1.0,1.0,1.0,One year,0,Bank transfer (automatic),54.85,2191.7,0.0
Female,0,1,1,38,1,0.0,No,0.0,0.0,0.0,0.0,0.0,0.0,One year,0,Credit card (automatic),19.6,763.1,0.0
Female,0,0,0,13,0,0.0,DSL,0.0,1.0,0.0,0.0,0.0,0.0,Month-to-month,1,Electronic check,31.65,389.95,0.0
Male,0,1,1,50,1,0.0,No,0.0,0.0,0.0,0.0,0.0,0.0,One year,1,Mailed check,20.35,938.95,0.0
Male,0,0,1,9,1,0.0,DSL,0.0,1.0,0.0,0.0,0.0,0.0,Month-to-month,1,Electronic check,50.1,484.05,0.0
Female,1,0,0,1,0,0.0,DSL,0.0,0.0,0.0,0.0,0.0,0.0,Month-to-month,1,Mailed check,25.7,25.7,1.0
Male,0,0,0,4,1,0.0,No,0.0,0.0,0.0,0.0,0.0,0.0,Month-to-month,1,Credit card (automatic),20.7,83.75,0.0
Male,0,1,0,44,1,1.0,Fiber optic,1.0,0.0,1.0,0.0,0.0,0.0,Month-to-month,1,Credit card (automatic),84.8,3626.35,0.0
Male,0,1,1,62,1,1.0,Fiber optic,0.0,0.0,1.0,0.0,1.0,0.0,Two year,1,Credit card (automatic),89.1,5411.65,0.0
Female,0,0,1,19,1,0.0,DSL,0.0,0.0,0.0,1.0,0.0,0.0,Month-to-month,0,Mailed check,48.8,953.65,0.0
Female,0,1,1,4,1,0.0,Fiber optic,0.0,0.0,0.0,0.0,1.0,0.0,Month-to-month,1,Mailed check,78.9,299.75,0.0
Male,0,1,0,72,1,1.0,Fiber optic,0.0,1.0,1.0,0.0,1.0,1.0,Two year,1,Bank transfer (automatic),106.3,7565.35,0.0
Male,0,0,0,16,1,0.0,No,0.0,0.0,0.0,0.0,0.0,0.0,Month-to-month,0,Mailed check,20.0,275.7,0.0
Female,0,0,0,7,1,0.0,No,0.0,0.0,0.0,0.0,0.0,0.0,Month-to-month,0,Mailed check,20.05,164.85,1.0
Female,0,1,1,23,1,1.0,DSL,0.0,1.0,0.0,1.0,1.0,0.0,Month-to-month,1,Credit card (automatic),69.5,1652.1,0.0
Female,0,0,0,1,1,0.0,Fiber optic,0.0,0.0,1.0,0.0,0.0,0.0,Month-to-month,0,Electronic check,75.3,75.3,1.0
Female,0,1,1,70,1,0.0,No,0.0,0.0,0.0,0.0,0.0,0.0,Two year,1,Credit card (automatic),20.15,1411.2,0.0
Female,0,0,0,72,1,1.0,Fiber optic,1.0,1.0,1.0,1.0,1.0,1.0,Two year,1,Credit card (automatic),112.75,8192.6,0.0
Female,0,1,1,49,1,0.0,DSL,1.0,1.0,1.0,1.0,1.0,1.0,One year,1,Mailed check,87.2,4345.0,0.0
Male,0,0,0,4,1,1.0,Fiber optic,0.0,0.0,0.0,0.0,0.0,0.0,Month-to-month,1,Bank transfer (automatic),72.2,305.55,1.0
Female,0,1,1,46,1,0.0,No,0.0,0.0,0.0,0.0,0.0,0.0,Two year,0,Bank transfer (automatic),20.25,890.35,0.0
Female,0,1,0,6,1,0.0,No,0.0,0.0,0.0,0.0,0.0,0.0,Month-to-month,0,Bank transfer (automatic),19.5,146.3,1.0
Female,0,1,1,49,1,1.0,Fiber optic,0.0,0.0,0.0,0.0,1.0,1.0,Month-to-month,1,Electronic check,95.6,4783.5,1.0
Female,0,1,1,69,1,1.0,No,0.0,0.0,0.0,0.0,0.0,0.0,Two year,1,Bank transfer (automatic),25.6,1673.4,0.0
Male,1,0,0,18,1,1.0,Fiber optic,0.0,1.0,0.0,0.0,0.0,0.0,Month-to-month,1,Credit card (automatic),80.55,1411.65,0.0
Female,0,1,0,72,1,1.0,Fiber optic,1.0,0.0,0.0,0.0,0.0,0.0,Two year,0,Bank transfer (automatic),80.45,5737.6,0.0
Female,0,1,1,19,1,0.0,No,0.0,0.0,0.0,0.0,0.0,0.0,Two year,0,Mailed check,20.15,387.7,0.0
Female,0,1,1,3,0,0.0,DSL,1.0,0.0,0.0,0.0,0.0,0.0,Month-to-month,0,Credit card (automatic),29.7,91.7,1.0
Male,0,1,0,64,1,0.0,Fiber optic,1.0,0.0,0.0,0.0,0.0,0.0,Month-to-month,1,Mailed check,73.55,4764.0,0.0
Female,0,1,1,12,1,0.0,No,0.0,0.0,0.0,0.0,0.0,0.0,Two year,0,Bank transfer (automatic),20.3,224.5,0.0
Male,1,0,0,71,1,1.0,Fiber optic,0.0,1.0,0.0,1.0,1.0,1.0,Two year,1,Electronic check,106.8,7623.2,0.0
Male,0,0,1,25,0,0.0,DSL,1.0,0.0,0.0,0.0,1.0,0.0,One year,1,Credit card (automatic),40.65,970.55,0.0
Female,0,1,0,58,0,0.0,DSL,1.0,1.0,0.0,0.0,1.0,0.0,One year,1,Electronic check,45.35,2540.1,0.0
Female,0,0,0,2,1,0.0,Fiber optic,0.0,0.0,0.0,0.0,0.0,0.0,Month-to-month,0,Bank transfer (automatic),70.0,153.05,1.0
Male,1,1,0,65,1,1.0,Fiber optic,0.0,1.0,1.0,0.0,1.0,1.0,Month-to-month,1,Electronic check,104.35,6578.55,0.0
Female,0,1,1,17,1,1.0,No,0.0,0.0,0.0,0.0,0.0,0.0,Month-to-month,0,Mailed check,24.1,409.9,1.0
Female,0,0,0,33,1,1.0,Fiber optic,0.0,1.0,0.0,0.0,1.0,1.0,Month-to-month,1,Electronic check,100.0,3320.6,0.0
Male,0,0,1,6,1,0.0,Fiber optic,0.0,0.0,1.0,0.0,1.0,1.0,Month-to-month,0,Mailed check,94.5,575.45,1.0
Female,0,1,0,55,1,1.0,DSL,1.0,1.0,1.0,1.0,1.0,1.0,One year,1,Electronic check,90.15,4916.95,0.0
Male,0,0,0,26,1,0.0,Fiber optic,0.0,1.0,1.0,0.0,1.0,0.0,Month-to-month,0,Electronic check,89.8,2335.3,1.0
Male,0,0,0,2,1,0.0,Fiber optic,0.0,1.0,0.0,0.0,1.0,1.0,Month-to-month,0,Electronic check,95.65,167.3,1.0
Female,1,0,0,35,1,1.0,Fiber optic,1.0,0.0,0.0,0.0,1.0,1.0,Month-to-month,1,Electronic check,99.05,3554.6,0.0
Female,1,0,0,2,1,0.0,Fiber optic,0.0,0.0,0.0,0.0,0.0,1.0,Month-to-month,1,Electronic check,79.6,195.05,1.0
Female,0,1,0,43,1,0.0,DSL,1.0,0.0,1.0,1.0,1.0,1.0,Two year,1,Electronic check,78.8,3460.3,0.0
Female,0,0,0,11,1,0.0,DSL,1.0,0.0,0.0,0.0,0.0,0.0,Month-to-month,0,Credit card (automatic),48.55,501.0,1.0
Female,0,0,0,17,1,0.0,DSL,1.0,1.0,0.0,1.0,1.0,1.0,One year,0,Credit card (automatic),79.85,1387.35,0.0
Female,0,1,1,46,1,1.0,Fiber optic,1.0,0.0,1.0,1.0,0.0,1.0,Two year,0,Mailed check,99.65,4630.2,0.0
Female,0,1,0,70,0,0.0,DSL,1.0,1.0,1.0,1.0,1.0,1.0,Two year,0,Bank transfer (automatic),64.55,4504.9,0.0
Female,0,0,0,72,1,0.0,No,0.0,0.0,0.0,0.0,0.0,0.0,Two year,1,Bank transfer (automatic),21.15,1419.4,0.0
Male,0,0,0,3,1,0.0,No,0.0,0.0,0.0,0.0,0.0,0.0,Month-to-month,1,Mailed check,19.1,53.05,0.0
Male,0,1,1,70,1,1.0,Fiber optic,1.0,1.0,1.0,1.0,1.0,1.0,Two year,0,Credit card (automatic),114.75,7842.3,0.0
Male,1,1,0,7,1,1.0,Fiber optic,0.0,0.0,0.0,0.0,0.0,0.0,Month-to-month,1,Electronic check,74.85,485.25,0.0
Female,0,0,0,4,1,1.0,DSL,0.0,0.0,0.0,1.0,1.0,0.0,Month-to-month,1,Mailed check,64.4,253.0,0.0
Female,1,0,0,40,1,0.0,Fiber optic,1.0,1.0,0.0,0.0,0.0,0.0,Month-to-month,1,Credit card (automatic),79.2,3233.85,1.0
Male,0,0,1,3,1,0.0,Fiber optic,0.0,0.0,0.0,0.0,0.0,0.0,Month-to-month,0,Electronic check,69.65,220.1,1.0
Male,0,0,0,2,1,0.0,Fiber optic,0.0,0.0,1.0,0.0,1.0,1.0,Month-to-month,0,Electronic check,94.95,178.1,1.0
Male,1,1,0,54,1,1.0,Fiber optic,0.0,0.0,0.0,0.0,0.0,0.0,Month-to-month,0,Bank transfer (automatic),74.0,3919.15,0.0
Male,0,0,0,24,1,0.0,DSL,1.0,0.0,0.0,0.0,0.0,0.0,Month-to-month,1,Electronic check,51.15,1275.7,0.0
Male,0,0,0,2,1,0.0,Fiber optic,0.0,0.0,1.0,0.0,0.0,1.0,Month-to-month,1,Electronic check,85.85,167.3,1.0
Female,0,0,0,66,1,1.0,Fiber optic,0.0,0.0,1.0,0.0,1.0,0.0,One year,1,Bank transfer (automatic),92.15,6056.9,0.0
Female,0,0,0,21,1,1.0,Fiber optic,0.0,0.0,0.0,0.0,1.0,1.0,Month-to-month,1,Electronic check,97.35,2119.5,1.0
Female,1,0,0,3,1,1.0,Fiber optic,0.0,0.0,0.0,0.0,0.0,0.0,Month-to-month,1,Credit card (automatic),75.05,256.25,1.0
Female,0,0,0,48,1,1.0,DSL,0.0,1.0,1.0,1.0,1.0,0.0,One year,1,Bank transfer (automatic),73.85,3581.4,0.0
Male,0,0,1,1,1,0.0,No,0.0,0.0,0.0,0.0,0.0,0.0,Month-to-month,0,Mailed check,19.25,19.25,1.0
Male,1,1,0,29,1,1.0,Fiber optic,0.0,0.0,0.0,0.0,1.0,1.0,Month-to-month,1,Electronic check,94.45,2653.65,1.0
Male,0,1,0,34,1,0.0,No,0.0,0.0,0.0,0.0,0.0,0.0,Two year,0,Credit card (automatic),20.05,679.0,0.0
Male,1,0,0,11,1,0.0,Fiber optic,0.0,0.0,0.0,0.0,0.0,1.0,Month-to-month,1,Credit card (automatic),79.15,827.7,0.0
Female,0,0,0,72,1,0.0,Fiber optic,1.0,1.0,1.0,1.0,1.0,1.0,Two year,1,Electronic check,109.9,7624.2,0.0
Female,0,0,0,1,0,0.0,DSL,0.0,0.0,0.0,0.0,0.0,0.0,Month-to-month,1,Mailed check,24.9,24.9,0.0
Male,0,1,1,5,1,1.0,Fiber optic,1.0,0.0,1.0,0.0,0.0,0.0,Month-to-month,1,Electronic check,84.5,453.75,1.0
Male,0,1,0,37,1,1.0,Fiber optic,0.0,0.0,1.0,1.0,1.0,0.0,Two year,0,Mailed check,94.3,3460.95,0.0
Female,0,0,0,4,1,0.0,Fiber optic,0.0,0.0,0.0,0.0,1.0,0.0,Month-to-month,1,Electronic check,79.0,303.15,1.0
Female,0,1,1,70,1,1.0,Fiber optic,0.0,1.0,1.0,0.0,1.0,1.0,One year,1,Electronic check,106.5,7397.0,0.0
Female,1,0,0,66,1,1.0,Fiber optic,1.0,0.0,0.0,0.0,1.0,1.0,Two year,1,Bank transfer (automatic),102.4,6471.85,0.0
Female,0,0,0,25,0,0.0,DSL,0.0,0.0,1.0,0.0,1.0,1.0,Month-to-month,1,Electronic check,48.25,1293.8,0.0
Male,0,1,1,36,1,0.0,DSL,1.0,0.0,1.0,0.0,0.0,1.0,One year,1,Credit card (automatic),63.7,2188.5,0.0
Male,1,1,0,2,1,1.0,Fiber optic,0.0,0.0,0.0,0.0,1.0,0.0,Month-to-month,1,Mailed check,86.85,156.35,1.0
Female,0,0,0,41,1,0.0,No,0.0,0.0,0.0,0.0,0.0,0.0,Month-to-month,0,Electronic check,20.45,775.6,0.0
Male,0,0,0,69,1,0.0,No,0.0,0.0,0.0,0.0,0.0,0.0,Two year,1,Bank transfer (automatic),19.3,1447.9,0.0
Female,0,0,0,1,1,0.0,Fiber optic,0.0,0.0,0.0,0.0,1.0,0.0,Month-to-month,1,Electronic check,79.65,79.65,1.0
Male,0,0,0,38,1,1.0,Fiber optic,0.0,1.0,1.0,0.0,0.0,1.0,Month-to-month,1,Credit card (automatic),95.1,3691.2,0.0
Male,0,0,0,37,1,0.0,DSL,1.0,1.0,1.0,1.0,0.0,0.0,Two year,0,Bank transfer (automatic),65.6,2313.8,0.0
Female,0,0,0,7,1,0.0,Fiber optic,0.0,1.0,0.0,0.0,1.0,1.0,One year,1,Mailed check,94.05,633.45,0.0
Male,1,0,0,68,1,1.0,Fiber optic,0.0,1.0,1.0,0.0,0.0,1.0,Month-to-month,1,Electronic check,95.9,6503.2,0.0
Female,0,1,0,38,1,1.0,Fiber optic,0.0,0.0,1.0,1.0,1.0,1.0,Month-to-month,1,Electronic check,105.0,4026.4,1.0
Male,0,0,0,53,1,0.0,DSL,0.0,0.0,1.0,0.0,0.0,1.0,One year,1,Electronic check,61.1,3357.9,0.0
Male,0,1,1,63,0,0.0,DSL,0.0,1.0,1.0,1.0,0.0,0.0,Two year,0,Bank transfer (automatic),39.35,2395.05,0.0
Male,0,0,0,69,1,1.0,Fiber optic,0.0,0.0,1.0,1.0,1.0,1.0,Two year,1,Bank transfer (automatic),106.5,7348.8,1.0
Male,0,0,0,33,1,0.0,Fiber optic,0.0,1.0,1.0,0.0,0.0,0.0,Month-to-month,1,Credit card (automatic),79.0,2576.8,0.0
Female,0,0,0,57,0,0.0,DSL,1.0,0.0,1.0,1.0,0.0,0.0,One year,1,Credit card (automatic),41.1,2258.25,0.0
Male,1,0,0,66,1,1.0,Fiber optic,0.0,1.0,1.0,1.0,1.0,1.0,One year,0,Credit card (automatic),110.9,7432.05,1.0
Female,0,1,1,5,1,0.0,Fiber optic,0.0,1.0,0.0,0.0,0.0,1.0,Month-to-month,1,Electronic check,83.6,404.2,1.0
Female,1,0,0,20,1,1.0,DSL,0.0,0.0,0.0,0.0,0.0,1.0,Month-to-month,1,Mailed check,61.6,1174.35,1.0
Male,0,0,0,53,1,0.0,No,0.0,0.0,0.0,0.0,0.0,0.0,Two year,0,Bank transfer (automatic),19.65,978.0,0.0
Female,0,0,0,55,1,1.0,Fiber optic,1.0,0.0,1.0,0.0,0.0,0.0,One year,1,Credit card (automatic),84.25,4589.85,0.0
Female,1,1,0,58,1,0.0,Fiber optic,1.0,1.0,0.0,1.0,1.0,1.0,One year,1,Credit card (automatic),105.5,6205.5,1.0
Female,0,0,0,66,1,1.0,Fiber optic,0.0,1.0,0.0,0.0,1.0,0.0,One year,1,Bank transfer (automatic),88.9,6000.1,0.0
Female,0,1,1,72,1,0.0,DSL,1.0,0.0,1.0,1.0,1.0,1.0,Two year,1,Bank transfer (automatic),80.45,5886.85,0.0
Female,0,0,0,40,1,1.0,Fiber optic,0.0,0.0,0.0,0.0,0.0,1.0,Month-to-month,0,Bank transfer (automatic),83.85,3532.25,0.0
Female,1,1,0,72,1,1.0,DSL,1.0,1.0,1.0,0.0,1.0,1.0,Two year,1,Credit card (automatic),84.1,6129.65,0.0
Male,0,0,0,68,1,1.0,Fiber optic,0.0,1.0,1.0,1.0,1.0,1.0,One year,0,Electronic check,108.45,7176.55,1.0
Male,0,0,0,43,1,0.0,No,0.0,0.0,0.0,0.0,0.0,0.0,Two year,0,Mailed check,19.55,876.15,0.0
Male,1,0,0,12,1,1.0,Fiber optic,0.0,0.0,1.0,0.0,1.0,1.0,Month-to-month,1,Electronic check,99.45,1200.15,1.0
Male,0,0,0,6,1,0.0,DSL,0.0,0.0,1.0,0.0,1.0,0.0,Month-to-month,0,Mailed check,60.9,414.1,0.0
Male,0,0,0,10,1,0.0,DSL,1.0,0.0,0.0,0.0,0.0,0.0,Month-to-month,1,Mailed check,51.65,524.5,0.0
Male,0,0,0,16,1,0.0,Fiber optic,1.0,0.0,0.0,0.0,1.0,1.0,Month-to-month,1,Electronic check,94.25,1483.25,1.0
Female,0,0,0,51,1,1.0,No,0.0,0.0,0.0,0.0,0.0,0.0,Two year,0,Bank transfer (automatic),24.95,1288.0,0.0
Female,0,1,1,3,1,0.0,Fiber optic,0.0,0.0,0.0,0.0,1.0,0.0,Month-to-month,1,Electronic check,80.7,239.45,0.0
Female,1,1,0,29,1,1.0,Fiber optic,0.0,0.0,1.0,0.0,1.0,1.0,Month-to-month,1,Bank transfer (automatic),99.05,2952.85,1.0
Female,0,0,0,22,1,0.0,No,0.0,0.0,0.0,0.0,0.0,0.0,One year,0,Bank transfer (automatic),20.85,450.65,0.0
Male,0,0,0,1,0,0.0,DSL,1.0,0.0,0.0,0.0,0.0,0.0,Month-to-month,0,Mailed check,29.7,29.7,1.0
Male,0,1,1,50,1,1.0,No,0.0,0.0,0.0,0.0,0.0,0.0,Two year,0,Mailed check,24.95,1261.45,0.0
Female,0,0,0,69,1,0.0,DSL,1.0,0.0,1.0,1.0,1.0,1.0,Two year,1,Credit card (automatic),82.45,5555.3,0.0
Female,0,1,1,53,1,0.0,No,0.0,0.0,0.0,0.0,0.0,0.0,Two year,0,Mailed check,20.9,1146.05,0.0
Male,0,0,1,37,1,0.0,DSL,1.0,1.0,0.0,1.0,0.0,0.0,Two year,0,Credit card (automatic),61.45,2302.35,0.0
Male,0,0,0,24,1,1.0,DSL,0.0,0.0,0.0,1.0,0.0,0.0,One year,0,Bank transfer (automatic),54.6,1242.25,0.0
Male,0,0,0,15,1,1.0,Fiber optic,1.0,0.0,0.0,0.0,1.0,0.0,Month-to-month,1,Bank transfer (automatic),87.75,1242.2,0.0
Male,1,1,0,69,0,0.0,DSL,1.0,1.0,0.0,0.0,1.0,1.0,Two year,0,Credit card (automatic),56.55,3952.65,0.0
Female,0,0,0,62,1,0.0,DSL,1.0,0.0,0.0,1.0,0.0,1.0,Two year,1,Mailed check,65.1,3846.75,0.0
Male,0,0,0,27,1,0.0,Fiber optic,0.0,0.0,0.0,0.0,0.0,0.0,Month-to-month,1,Mailed check,69.05,1793.25,0.0
Female,0,0,1,25,1,0.0,DSL,0.0,1.0,0.0,1.0,0.0,0.0,One year,1,Credit card (automatic),54.75,1266.35,0.0
Male,0,0,0,56,1,1.0,Fiber optic,1.0,0.0,0.0,1.0,1.0,1.0,Month-to-month,1,Mailed check,105.35,5794.45,0.0
Male,0,0,0,2,1,0.0,Fiber optic,0.0,0.0,1.0,0.0,1.0,1.0,Month-to-month,1,Electronic check,95.85,197.7,1.0
Male,1,1,0,23,1,1.0,Fiber optic,0.0,1.0,1.0,0.0,1.0,1.0,Month-to-month,1,Electronic check,104.45,2184.85,0.0
Female,0,1,1,7,1,0.0,No,0.0,0.0,0.0,0.0,0.0,0.0,Month-to-month,0,Mailed check,20.45,150.75,0.0
Male,0,1,1,49,1,1.0,Fiber optic,0.0,1.0,1.0,0.0,1.0,0.0,One year,1,Electronic check,93.65,4520.15,0.0
Female,0,0,1,22,1,0.0,No,0.0,0.0,0.0,0.0,0.0,0.0,Month-to-month,1,Electronic check,20.55,469.85,0.0
Male,0,1,0,52,0,0.0,DSL,1.0,0.0,0.0,0.0,0.0,1.0,Month-to-month,1,Electronic check,39.9,2020.9,0.0
Female,0,1,1,61,1,0.0,DSL,1.0,0.0,0.0,0.0,0.0,0.0,One year,1,Bank transfer (automatic),49.7,2961.4,0.0
Female,0,1,1,42,1,0.0,Fiber optic,0.0,0.0,1.0,0.0,1.0,1.0,Month-to-month,1,Electronic check,92.15,3875.4,0.0
Male,0,0,0,27,1,0.0,No,0.0,0.0,0.0,0.0,0.0,0.0,Two year,0,Credit card (automatic),20.35,531.6,0.0
Male,1,0,0,4,0,0.0,DSL,0.0,0.0,0.0,0.0,0.0,0.0,Month-to-month,1,Bank transfer (automatic),25.2,102.5,1.0
Male,0,1,1,40,1,1.0,No,0.0,0.0,0.0,0.0,0.0,0.0,Two year,0,Credit card (automatic),25.25,1006.9,0.0
Female,0,0,1,2,1,0.0,No,0.0,0.0,0.0,0.0,0.0,0.0,One year,0,Bank transfer (automatic),20.5,38.25,0.0
Female,0,1,0,49,1,0.0,No,0.0,0.0,0.0,0.0,0.0,0.0,One year,0,Bank transfer (automatic),20.45,900.9,0.0
Male,0,1,0,70,1,1.0,DSL,0.0,1.0,1.0,1.0,1.0,0.0,Two year,0,Bank transfer (automatic),72.95,5265.55,0.0
Female,0,0,0,46,1,0.0,Fiber optic,1.0,1.0,1.0,0.0,1.0,0.0,One year,1,Credit card (automatic),95.65,4664.2,0.0
Male,0,0,0,6,1,0.0,DSL,0.0,1.0,0.0,0.0,1.0,0.0,Month-to-month,0,Electronic check,59.45,357.6,0.0
Female,0,1,1,58,1,0.0,No,0.0,0.0,0.0,0.0,0.0,0.0,Two year,0,Credit card (automatic),20.5,1191.4,0.0
Male,0,1,1,32,1,0.0,Fiber optic,1.0,1.0,0.0,0.0,0.0,1.0,One year,1,Electronic check,90.8,3023.85,0.0
Female,0,0,0,6,1,0.0,Fiber optic,0.0,1.0,0.0,0.0,0.0,1.0,Month-to-month,1,Mailed check,85.95,514.6,0.0
Male,0,0,1,60,1,0.0,No,0.0,0.0,0.0,0.0,0.0,0.0,Two year,0,Mailed check,19.95,1189.9,0.0
Male,0,0,0,59,1,1.0,No,0.0,0.0,0.0,0.0,0.0,0.0,Two year,0,Mailed check,25.0,1510.5,0.0
Male,0,0,0,5,1,0.0,Fiber optic,0.0,1.0,0.0,0.0,0.0,0.0,Month-to-month,1,Electronic check,74.65,383.65,0.0
Male,1,1,1,64,1,1.0,No,0.0,0.0,0.0,0.0,0.0,0.0,Two year,1,Bank transfer (automatic),24.4,1548.65,0.0
Female,0,0,0,5,1,0.0,Fiber optic,0.0,0.0,0.0,0.0,1.0,0.0,Month-to-month,0,Electronic check,80.2,384.25,0.0
Male,0,0,0,21,1,0.0,DSL,1.0,0.0,1.0,0.0,1.0,0.0,Month-to-month,0,Bank transfer (automatic),65.35,1424.4,0.0
Female,1,0,0,1,1,0.0,Fiber optic,0.0,1.0,0.0,0.0,0.0,1.0,Month-to-month,1,Electronic check,86.0,86.0,1.0
Female,1,0,0,53,1,0.0,Fiber optic,1.0,1.0,0.0,1.0,0.0,1.0,One year,1,Mailed check,96.75,5206.55,0.0
Male,0,0,1,1,1,1.0,Fiber optic,0.0,0.0,0.0,0.0,1.0,1.0,Month-to-month,1,Electronic check,93.3,93.3,1.0
Male,0,0,0,1,1,0.0,Fiber optic,0.0,0.0,0.0,1.0,0.0,0.0,Month-to-month,1,Electronic check,75.9,75.9,1.0
Female,0,1,0,3,1,1.0,Fiber optic,0.0,1.0,0.0,0.0,0.0,1.0,Month-to-month,1,Credit card (automatic),91.5,242.95,1.0
Male,0,0,0,1,1,0.0,No,0.0,0.0,0.0,0.0,0.0,0.0,Month-to-month,0,Mailed check,20.6,20.6,0.0
Male,0,1,0,24,1,1.0,Fiber optic,0.0,0.0,0.0,0.0,1.0,1.0,Month-to-month,1,Electronic check,93.0,2248.05,0.0
Female,0,1,0,8,1,0.0,DSL,1.0,0.0,0.0,1.0,0.0,1.0,Two year,0,Mailed check,65.5,564.35,0.0
Male,0,0,0,12,1,0.0,DSL,0.0,0.0,0.0,1.0,1.0,0.0,One year,1,Electronic check,59.8,727.8,1.0
Female,0,0,0,12,0,0.0,DSL,1.0,0.0,1.0,1.0,0.0,1.0,Two year,0,Mailed check,49.85,552.1,0.0
Female,1,0,0,50,1,1.0,Fiber optic,1.0,1.0,0.0,0.0,0.0,0.0,Month-to-month,1,Electronic check,83.4,4113.7,0.0
Female,0,1,0,71,1,0.0,DSL,0.0,1.0,1.0,1.0,1.0,1.0,Two year,1,Credit card (automatic),80.7,5705.05,0.0
Male,0,1,1,44,1,0.0,Fiber optic,0.0,0.0,1.0,0.0,1.0,1.0,Month-to-month,1,Bank transfer (automatic),92.95,4122.9,0.0
Female,1,1,0,56,1,1.0,DSL,1.0,1.0,1.0,1.0,0.0,0.0,One year,1,Credit card (automatic),68.45,4014.0,0.0
Female,0,1,1,4,1,1.0,Fiber optic,0.0,1.0,0.0,0.0,1.0,1.0,Month-to-month,1,Electronic check,97.95,384.5,1.0
Female,1,0,0,51,1,0.0,No,0.0,0.0,0.0,0.0,0.0,0.0,Two year,0,Credit card (automatic),19.6,967.9,0.0
Female,1,0,0,26,1,1.0,Fiber optic,0.0,1.0,0.0,0.0,1.0,0.0,Month-to-month,1,Electronic check,89.15,2277.65,1.0
Female,0,0,0,13,1,0.0,No,0.0,0.0,0.0,0.0,0.0,0.0,Month-to-month,0,Credit card (automatic),19.45,232.1,0.0
Female,0,0,0,1,1,0.0,Fiber optic,0.0,0.0,0.0,0.0,0.0,0.0,Month-to-month,1,Mailed check,70.15,70.15,1.0
Male,0,0,0,1,1,0.0,Fiber optic,0.0,1.0,0.0,0.0,0.0,1.0,Month-to-month,1,Electronic check,85.0,85.0,0.0
Female,1,1,1,28,0,0.0,DSL,0.0,1.0,0.0,0.0,0.0,1.0,One year,1,Electronic check,39.1,1096.6,0.0
Female,0,0,0,70,1,0.0,DSL,1.0,0.0,1.0,1.0,1.0,1.0,Two year,0,Bank transfer (automatic),79.6,5589.45,0.0
Female,0,1,1,23,1,1.0,No,0.0,0.0,0.0,0.0,0.0,0.0,Two year,0,Mailed check,23.85,625.65,0.0
Female,0,1,0,25,0,0.0,DSL,0.0,0.0,0.0,0.0,1.0,0.0,Month-to-month,1,Bank transfer (automatic),34.0,853.0,1.0
Male,0,0,0,3,1,0.0,No,0.0,0.0,0.0,0.0,0.0,0.0,Month-to-month,0,Mailed check,19.85,64.55,1.0
Female,1,1,0,1,1,0.0,Fiber optic,0.0,1.0,0.0,0.0,0.0,0.0,Month-to-month,1,Mailed check,76.4,76.4,1.0
Male,1,1,0,69,1,1.0,Fiber optic,1.0,1.0,0.0,0.0,0.0,0.0,Month-to-month,1,Credit card (automatic),84.9,5785.65,0.0
Female,0,0,0,25,1,0.0,Fiber optic,0.0,1.0,1.0,0.0,1.0,1.0,Month-to-month,1,Electronic check,99.5,2369.05,1.0
Male,0,0,0,48,1,0.0,No,0.0,0.0,0.0,0.0,0.0,0.0,Two year,0,Credit card (automatic),19.85,916.0,0.0
Female,0,0,0,69,1,1.0,DSL,1.0,1.0,0.0,1.0,0.0,0.0,Two year,1,Mailed check,66.9,4577.9,0.0
Female,0,0,0,41,1,0.0,No,0.0,0.0,0.0,0.0,0.0,0.0,Two year,1,Mailed check,19.85,810.45,0.0
Male,0,1,0,5,1,0.0,Fiber optic,0.0,0.0,1.0,0.0,1.0,1.0,Month-to-month,1,Electronic check,94.45,498.1,1.0
Male,0,0,1,34,1,1.0,Fiber optic,1.0,1.0,0.0,0.0,1.0,1.0,One year,1,Electronic check,103.8,3470.8,0.0
Female,0,0,1,12,1,1.0,Fiber optic,0.0,0.0,0.0,0.0,0.0,0.0,Month-to-month,1,Electronic check,76.6,893.0,0.0
Male,0,0,0,9,1,1.0,Fiber optic,1.0,0.0,0.0,0.0,0.0,0.0,Month-to-month,1,Electronic check,81.15,784.45,0.0
Female,0,0,0,10,1,0.0,DSL,0.0,1.0,0.0,1.0,0.0,1.0,One year,0,Mailed check,64.9,685.55,0.0
Male,0,1,1,8,1,0.0,No,0.0,0.0,0.0,0.0,0.0,0.0,Two year,0,Credit card (automatic),19.6,125.0,0.0
Female,0,1,0,8,1,0.0,Fiber optic,0.0,1.0,1.0,0.0,1.0,1.0,Month-to-month,0,Electronic check,101.15,842.9,1.0
Female,0,1,1,72,0,0.0,DSL,0.0,1.0,0.0,1.0,1.0,1.0,Two year,0,Credit card (automatic),53.65,3784.0,0.0
Male,0,0,0,3,0,0.0,DSL,0.0,0.0,1.0,0.0,1.0,0.0,Month-to-month,1,Mailed check,40.15,130.75,1.0
Female,0,1,1,19,1,1.0,Fiber optic,0.0,0.0,0.0,1.0,0.0,1.0,One year,1,Bank transfer (automatic),89.35,1686.85,0.0
Female,1,0,0,64,1,0.0,DSL,1.0,1.0,0.0,1.0,1.0,0.0,Two year,1,Credit card (automatic),70.2,4481.0,1.0
Male,0,0,0,53,1,1.0,Fiber optic,0.0,0.0,0.0,0.0,1.0,0.0,Month-to-month,0,Bank transfer (automatic),85.45,4517.25,1.0
Female,0,0,0,1,1,0.0,No,0.0,0.0,0.0,0.0,0.0,0.0,Month-to-month,0,Mailed check,20.4,20.4,1.0
Female,0,1,1,70,1,1.0,DSL,1.0,1.0,1.0,1.0,1.0,0.0,Two year,0,Electronic check,80.7,5617.95,0.0
Male,0,0,1,43,0,0.0,DSL,1.0,1.0,1.0,0.0,0.0,0.0,Month-to-month,1,Electronic check,40.45,1912.85,0.0
Male,0,1,1,4,1,0.0,No,0.0,0.0,0.0,0.0,0.0,0.0,Two year,0,Credit card (automatic),19.55,68.8,0.0
Male,0,0,0,1,1,0.0,Fiber optic,0.0,0.0,0.0,0.0,0.0,0.0,Month-to-month,1,Electronic check,69.35,69.35,1.0
Male,0,0,1,4,1,1.0,Fiber optic,0.0,1.0,0.0,0.0,1.0,1.0,Month-to-month,1,Electronic check,101.7,364.55,1.0
Female,0,0,0,54,1,0.0,Fiber optic,0.0,0.0,1.0,0.0,1.0,1.0,One year,1,Credit card (automatic),94.1,5060.9,0.0
Female,0,1,1,71,1,1.0,Fiber optic,1.0,1.0,1.0,1.0,1.0,1.0,Two year,0,Credit card (automatic),113.65,8166.8,0.0
Male,1,0,0,20,1,0.0,Fiber optic,0.0,0.0,0.0,0.0,0.0,0.0,Month-to-month,0,Credit card (automatic),71.3,1389.2,1.0
Female,0,0,0,9,1,0.0,Fiber optic,0.0,0.0,0.0,0.0,1.0,0.0,Month-to-month,1,Bank transfer (automatic),77.65,714.15,1.0
Male,0,1,1,18,1,0.0,Fiber optic,0.0,0.0,0.0,1.0,0.0,1.0,Month-to-month,1,Electronic check,85.6,1601.5,0.0
Female,1,0,0,45,1,1.0,Fiber optic,0.0,0.0,1.0,0.0,1.0,1.0,One year,1,Bank transfer (automatic),100.15,4459.8,0.0
Male,0,0,0,1,1,0.0,Fiber optic,0.0,0.0,0.0,0.0,0.0,1.0,Month-to-month,0,Electronic check,80.5,80.5,1.0
Female,1,1,0,3,1,0.0,Fiber optic,0.0,1.0,0.0,0.0,0.0,0.0,Month-to-month,1,Bank transfer (automatic),74.6,239.05,0.0
Female,0,1,1,55,1,1.0,Fiber optic,1.0,0.0,0.0,0.0,1.0,1.0,One year,0,Mailed check,100.9,5448.6,0.0
Male,0,1,0,11,1,1.0,Fiber optic,0.0,1.0,0.0,0.0,0.0,0.0,Month-to-month,1,Bank transfer (automatic),80.5,896.9,1.0
Male,1,0,0,67,1,1.0,Fiber optic,0.0,0.0,0.0,0.0,0.0,0.0,Month-to-month,1,Mailed check,75.7,5060.85,0.0
Female,0,1,0,57,1,1.0,DSL,0.0,1.0,1.0,1.0,1.0,0.0,One year,0,Bank transfer (automatic),74.6,4368.95,0.0
Male,0,1,1,43,0,0.0,DSL,0.0,1.0,0.0,0.0,0.0,0.0,Month-to-month,0,Credit card (automatic),29.3,1224.05,0.0
Female,1,0,0,26,1,1.0,Fiber optic,1.0,1.0,0.0,0.0,0.0,1.0,Month-to-month,1,Electronic check,95.0,2497.2,1.0
Male,0,0,1,8,1,0.0,No,0.0,0.0,0.0,0.0,0.0,0.0,Month-to-month,0,Bank transfer (automatic),19.45,159.2,0.0
Male,0,0,1,10,1,1.0,Fiber optic,0.0,0.0,0.0,0.0,1.0,1.0,Month-to-month,0,Electronic check,95.2,930.4,1.0
Female,0,0,0,9,1,0.0,DSL,1.0,1.0,0.0,0.0,1.0,1.0,Month-to-month,1,Electronic check,74.65,703.55,1.0
Male,0,1,0,43,1,1.0,DSL,1.0,1.0,0.0,1.0,0.0,0.0,Month-to-month,0,Bank transfer (automatic),66.25,2907.35,0.0
Male,0,1,1,61,1,1.0,DSL,0.0,0.0,1.0,1.0,1.0,1.0,Two year,1,Bank transfer (automatic),81.0,4976.15,0.0
Female,0,1,1,60,0,0.0,DSL,0.0,1.0,0.0,0.0,1.0,1.0,Month-to-month,1,Electronic check,49.75,3069.45,0.0
Female,0,1,1,71,0,0.0,DSL,1.0,1.0,0.0,1.0,1.0,1.0,Two year,0,Bank transfer (automatic),59.7,4122.65,0.0
Male,0,1,1,72,1,1.0,Fiber optic,1.0,1.0,1.0,1.0,0.0,1.0,Two year,0,Credit card (automatic),103.95,7517.7,0.0
Male,0,1,0,44,1,0.0,DSL,1.0,1.0,0.0,1.0,0.0,0.0,One year,1,Bank transfer (automatic),59.85,2603.95,0.0
Male,0,1,1,30,1,1.0,Fiber optic,0.0,1.0,0.0,1.0,0.0,0.0,Month-to-month,1,Bank transfer (automatic),83.55,2570.2,0.0
Female,0,1,0,8,1,0.0,No,0.0,0.0,0.0,0.0,0.0,0.0,Month-to-month,0,Bank transfer (automatic),20.15,156.25,1.0
Male,0,0,0,4,1,0.0,No,0.0,0.0,0.0,0.0,0.0,0.0,One year,0,Mailed check,19.7,117.8,0.0
Female,0,0,0,3,1,0.0,Fiber optic,0.0,0.0,0.0,0.0,1.0,1.0,Month-to-month,1,Electronic check,89.45,240.45,1.0
Female,0,1,1,1,1,0.0,DSL,0.0,0.0,0.0,0.0,0.0,0.0,Month-to-month,1,Bank transfer (automatic),44.35,44.35,1.0
Female,0,1,0,71,1,1.0,DSL,1.0,1.0,1.0,1.0,1.0,1.0,Two year,0,Credit card (automatic),89.3,6388.65,0.0
Male,0,0,0,64,1,1.0,Fiber optic,0.0,1.0,0.0,1.0,1.0,1.0,One year,1,Credit card (automatic),105.65,6903.1,1.0
Female,0,1,1,23,1,1.0,Fiber optic,1.0,0.0,0.0,0.0,0.0,0.0,One year,0,Credit card (automatic),81.85,1810.85,0.0
Female,0,1,0,59,1,1.0,Fiber optic,0.0,1.0,0.0,0.0,1.0,1.0,Month-to-month,0,Electronic check,101.1,6039.9,1.0
Male,1,1,0,4,1,1.0,Fiber optic,0.0,0.0,0.0,0.0,0.0,0.0,Month-to-month,0,Electronic check,74.95,308.7,1.0
Female,0,1,1,72,1,0.0,No,0.0,0.0,0.0,0.0,0.0,0.0,Two year,1,Mailed check,20.7,1482.3,0.0
Female,0,0,0,1,1,0.0,DSL,0.0,0.0,0.0,0.0,0.0,1.0,Month-to-month,1,Electronic check,56.25,56.25,1.0
Female,0,0,0,46,1,0.0,Fiber optic,0.0,1.0,1.0,1.0,1.0,1.0,Two year,1,Bank transfer (automatic),104.4,4904.2,0.0
Male,0,0,0,29,0,0.0,DSL,0.0,0.0,0.0,0.0,0.0,0.0,One year,1,Mailed check,24.85,788.05,0.0
Female,0,0,0,21,0,0.0,DSL,1.0,0.0,0.0,1.0,0.0,0.0,Two year,0,Mailed check,35.1,770.4,0.0
Female,0,1,1,18,1,0.0,DSL,0.0,0.0,0.0,0.0,1.0,0.0,Month-to-month,0,Mailed check,55.95,1082.8,0.0
Male,0,1,1,22,1,1.0,DSL,0.0,0.0,1.0,1.0,1.0,1.0,One year,1,Mailed check,78.65,1663.75,0.0
Female,0,0,0,6,0,0.0,DSL,0.0,0.0,0.0,1.0,1.0,1.0,One year,1,Mailed check,49.25,255.6,0.0
Female,0,1,1,72,1,1.0,DSL,1.0,1.0,1.0,1.0,0.0,0.0,Two year,1,Bank transfer (automatic),70.45,5165.7,0.0
Female,0,1,1,10,1,0.0,Fiber optic,0.0,0.0,0.0,0.0,1.0,1.0,Month-to-month,1,Electronic check,88.85,929.45,0.0
Female,0,0,0,1,1,0.0,Fiber optic,0.0,0.0,0.0,0.0,0.0,0.0,Month-to-month,0,Bank transfer (automatic),69.7,69.7,1.0
Male,1,0,0,72,1,1.0,No,0.0,0.0,0.0,0.0,0.0,0.0,Two year,0,Bank transfer (automatic),25.4,1809.35,0.0
Female,0,0,0,30,1,1.0,DSL,0.0,1.0,1.0,0.0,1.0,0.0,One year,1,Credit card (automatic),68.95,2038.7,0.0
Female,0,1,1,27,1,0.0,No,0.0,0.0,0.0,0.0,0.0,0.0,Two year,0,Mailed check,19.9,550.1,0.0
Female,1,1,0,50,1,1.0,Fiber optic,1.0,1.0,1.0,0.0,1.0,1.0,Month-to-month,0,Bank transfer (automatic),108.75,5431.9,0.0
Female,0,1,1,38,1,0.0,DSL,1.0,1.0,0.0,0.0,0.0,0.0,Month-to-month,0,Electronic check,54.5,2076.05,0.0
Male,0,0,0,54,1,1.0,DSL,1.0,0.0,1.0,1.0,1.0,1.0,Two year,0,Bank transfer (automatic),87.1,4735.2,0.0
Female,0,0,0,9,1,0.0,Fiber optic,1.0,0.0,0.0,0.0,0.0,0.0,Month-to-month,1,Electronic check,74.85,708.2,0.0
Male,0,0,0,39,0,0.0,DSL,0.0,0.0,0.0,1.0,0.0,1.0,Month-to-month,1,Electronic check,40.6,1494.5,0.0
Male,0,1,0,72,1,1.0,Fiber optic,0.0,1.0,1.0,1.0,1.0,1.0,Two year,1,Credit card (automatic),109.75,7758.9,0.0
Male,0,0,0,52,1,0.0,DSL,1.0,0.0,1.0,0.0,0.0,0.0,One year,0,Electronic check,53.75,2790.65,0.0
Female,0,1,1,57,1,0.0,No,0.0,0.0,0.0,0.0,0.0,0.0,Two year,0,Bank transfer (automatic),19.75,1272.05,0.0
Male,1,0,0,9,1,1.0,Fiber optic,0.0,0.0,0.0,0.0,0.0,1.0,Month-to-month,1,Electronic check,85.05,746.5,1.0
Male,0,1,1,29,1,1.0,Fiber optic,0.0,0.0,1.0,0.0,0.0,1.0,Month-to-month,1,Electronic check,89.2,2698.35,1.0
Female,0,0,0,25,1,0.0,No,0.0,0.0,0.0,0.0,0.0,0.0,Two year,0,Credit card (automatic),19.8,475.2,0.0
Male,0,1,1,64,0,0.0,DSL,1.0,0.0,1.0,1.0,1.0,1.0,Two year,1,Bank transfer (automatic),60.05,3845.45,0.0
Male,0,1,0,70,1,1.0,No,0.0,0.0,0.0,0.0,0.0,0.0,Two year,0,Bank transfer (automatic),24.25,1724.15,0.0
Male,0,0,0,39,1,0.0,Fiber optic,1.0,0.0,1.0,0.0,1.0,1.0,Two year,1,Electronic check,100.45,3801.7,0.0
Male,0,0,0,19,1,0.0,DSL,0.0,0.0,0.0,1.0,1.0,0.0,Month-to-month,1,Credit card (automatic),61.55,1093.2,0.0
Male,0,0,1,1,1,0.0,No,0.0,0.0,0.0,0.0,0.0,0.0,Month-to-month,1,Mailed check,19.3,19.3,0.0
Male,0,1,1,56,1,0.0,DSL,1.0,1.0,1.0,0.0,0.0,0.0,Two year,1,Bank transfer (automatic),59.8,3457.45,0.0
Female,0,0,0,12,1,0.0,DSL,0.0,0.0,0.0,0.0,0.0,0.0,Month-to-month,1,Electronic check,45.05,523.1,0.0
Female,0,0,0,31,1,1.0,Fiber optic,0.0,0.0,1.0,0.0,0.0,1.0,Month-to-month,1,Electronic check,89.9,2806.9,1.0
Male,0,0,0,5,1,0.0,No,0.0,0.0,0.0,0.0,0.0,0.0,Month-to-month,1,Mailed check,19.25,86.05,0.0
Male,1,0,0,60,1,1.0,DSL,1.0,1.0,0.0,0.0,0.0,1.0,One year,1,Electronic check,71.75,4374.55,0.0
Male,0,0,0,29,0,0.0,DSL,0.0,1.0,0.0,1.0,0.0,0.0,Month-to-month,0,Electronic check,34.3,1004.75,0.0
Male,0,0,0,1,1,0.0,Fiber optic,0.0,0.0,0.0,0.0,0.0,0.0,Month-to-month,0,Electronic check,70.4,70.4,1.0
Male,0,0,0,55,1,0.0,Fiber optic,1.0,1.0,0.0,0.0,1.0,1.0,One year,1,Mailed check,100.9,5552.05,0.0
Male,0,0,1,1,1,0.0,DSL,0.0,0.0,0.0,1.0,0.0,0.0,Month-to-month,1,Mailed check,49.9,49.9,1.0
Female,1,1,1,11,1,1.0,Fiber optic,0.0,0.0,1.0,0.0,0.0,0.0,Month-to-month,1,Credit card (automatic),78.1,864.85,0.0
Male,0,0,0,3,1,0.0,Fiber optic,0.0,1.0,0.0,0.0,0.0,0.0,Month-to-month,0,Credit card (automatic),74.45,221.1,0.0
Female,0,0,0,55,1,0.0,DSL,1.0,0.0,0.0,0.0,0.0,0.0,Month-to-month,1,Credit card (automatic),50.55,2832.75,0.0
Male,1,1,0,2,1,0.0,Fiber optic,0.0,0.0,0.0,0.0,0.0,0.0,Month-to-month,0,Electronic check,70.1,141.65,0.0
Female,1,0,0,21,1,1.0,Fiber optic,0.0,0.0,0.0,0.0,1.0,1.0,Month-to-month,1,Bank transfer (automatic),95.4,2025.1,0.0
Female,0,1,0,56,1,0.0,Fiber optic,0.0,0.0,1.0,1.0,1.0,1.0,Month-to-month,1,Electronic check,98.7,5669.5,0.0
Male,0,0,0,1,0,0.0,DSL,0.0,0.0,0.0,0.0,1.0,1.0,Month-to-month,1,Mailed check,45.3,45.3,1.0
Male,0,0,0,15,1,1.0,Fiber optic,1.0,0.0,0.0,0.0,1.0,1.0,Month-to-month,1,Electronic check,99.7,1566.75,0.0
Female,1,1,0,68,1,1.0,Fiber optic,1.0,1.0,0.0,0.0,0.0,1.0,One year,1,Credit card (automatic),96.55,6581.9,1.0
Male,1,0,0,3,1,1.0,Fiber optic,0.0,0.0,1.0,0.0,1.0,0.0,Month-to-month,0,Electronic check,91.05,289.1,1.0
Female,0,0,0,1,1,0.0,No,0.0,0.0,0.0,0.0,0.0,0.0,Month-to-month,1,Bank transfer (automatic),20.2,20.2,1.0
Male,0,0,1,29,0,0.0,DSL,1.0,1.0,1.0,1.0,0.0,0.0,Month-to-month,1,Mailed check,45.0,1242.45,0.0
Female,0,0,0,46,1,0.0,DSL,0.0,0.0,1.0,1.0,0.0,0.0,Two year,0,Credit card (automatic),54.35,2460.15,1.0
Male,0,1,1,72,1,1.0,DSL,1.0,1.0,1.0,1.0,1.0,1.0,Two year,1,Credit card (automatic),91.95,6614.9,0.0
Male,0,1,0,63,1,1.0,Fiber optic,0.0,1.0,1.0,0.0,1.0,1.0,Month-to-month,1,Electronic check,102.4,6444.05,0.0
Male,1,1,0,15,1,1.0,Fiber optic,1.0,0.0,1.0,0.0,1.0,0.0,Month-to-month,1,Electronic check,96.5,1392.25,0.0
Male,0,1,1,57,1,1.0,Fiber optic,0.0,0.0,0.0,0.0,0.0,0.0,Month-to-month,1,Electronic check,74.3,4018.35,0.0
Female,0,0,0,2,1,0.0,No,0.0,0.0,0.0,0.0,0.0,0.0,Month-to-month,0,Mailed check,19.4,61.05,0.0
Female,0,0,0,36,1,0.0,Fiber optic,0.0,0.0,1.0,1.0,0.0,1.0,Month-to-month,1,Electronic check,87.55,3078.1,1.0
Female,0,1,0,12,1,0.0,DSL,0.0,0.0,0.0,0.0,0.0,0.0,Month-to-month,0,Bank transfer (automatic),45.9,505.95,0.0
Male,0,1,1,5,1,0.0,No,0.0,0.0,0.0,0.0,0.0,0.0,One year,0,Electronic check,20.55,99.45,0.0
Female,0,0,0,27,1,1.0,Fiber optic,0.0,0.0,0.0,0.0,1.0,1.0,Month-to-month,1,Mailed check,94.55,2724.6,1.0
Female,0,1,0,19,1,1.0,Fiber optic,0.0,1.0,0.0,0.0,0.0,1.0,Month-to-month,1,Electronic check,89.1,1620.8,0.0
Male,0,0,0,6,1,0.0,No,0.0,0.0,0.0,0.0,0.0,0.0,One year,0,Mailed check,20.6,116.6,0.0
Male,0,1,0,59,1,1.0,Fiber optic,1.0,1.0,1.0,1.0,1.0,0.0,Month-to-month,1,Electronic check,106.75,6252.9,1.0
Female,0,1,1,48,0,0.0,DSL,1.0,1.0,0.0,1.0,0.0,0.0,Two year,0,Mailed check,39.4,1978.65,0.0
Male,1,1,1,1,1,0.0,DSL,0.0,0.0,0.0,1.0,0.0,0.0,Month-to-month,1,Credit card (automatic),49.25,49.25,1.0
Female,1,1,0,63,1,1.0,Fiber optic,0.0,1.0,1.0,0.0,1.0,1.0,Month-to-month,1,Electronic check,103.5,6479.4,0.0
Male,1,1,0,52,1,1.0,Fiber optic,1.0,0.0,1.0,0.0,1.0,1.0,Month-to-month,1,Electronic check,104.2,5568.35,1.0
Female,0,0,0,8,1,0.0,Fiber optic,1.0,0.0,0.0,0.0,1.0,0.0,Month-to-month,0,Electronic check,84.95,668.4,1.0
Female,0,1,0,34,1,1.0,DSL,1.0,1.0,0.0,1.0,0.0,0.0,Month-to-month,0,Electronic check,62.65,2274.9,1.0
Male,0,1,0,11,1,0.0,DSL,0.0,0.0,0.0,0.0,0.0,0.0,Month-to-month,1,Bank transfer (automatic),45.9,521.9,0.0
Female,0,1,1,18,1,1.0,No,0.0,0.0,0.0,0.0,0.0,0.0,Two year,1,Credit card (automatic),24.65,471.35,0.0
Female,0,1,1,49,1,1.0,Fiber optic,0.0,1.0,0.0,0.0,1.0,1.0,Month-to-month,1,Electronic check,98.35,4889.2,0.0
Male,0,0,0,29,1,1.0,DSL,0.0,1.0,1.0,0.0,0.0,1.0,One year,0,Credit card (automatic),70.9,1964.6,0.0
Female,1,1,0,60,0,0.0,DSL,0.0,1.0,0.0,0.0,1.0,1.0,Two year,1,Credit card (automatic),49.45,2907.55,0.0
Female,0,0,1,48,1,0.0,Fiber optic,0.0,1.0,1.0,1.0,1.0,0.0,Two year,1,Mailed check,95.5,4627.85,1.0
Male,0,0,1,25,1,0.0,No,0.0,0.0,0.0,0.0,0.0,0.0,Month-to-month,0,Mailed check,20.8,460.2,0.0
Female,0,1,1,32,1,0.0,DSL,1.0,1.0,1.0,1.0,0.0,1.0,Two year,0,Mailed check,73.6,2316.85,0.0
Female,0,1,0,61,1,0.0,No,0.0,0.0,0.0,0.0,0.0,0.0,Two year,0,Credit card (automatic),20.25,1278.8,0.0
Female,0,1,0,63,1,0.0,Fiber optic,0.0,1.0,0.0,0.0,1.0,1.0,One year,1,Electronic check,96.0,6109.75,0.0
Male,0,0,0,72,1,1.0,Fiber optic,1.0,1.0,1.0,1.0,1.0,1.0,Two year,1,Electronic check,118.2,8547.15,0.0
Male,0,1,1,23,1,0.0,No,0.0,0.0,0.0,0.0,0.0,0.0,One year,1,Credit card (automatic),20.0,445.3,0.0
Male,1,1,0,72,1,1.0,DSL,0.0,0.0,1.0,0.0,1.0,1.0,Two year,1,Credit card (automatic),73.45,5329.0,0.0
Female,0,1,0,65,1,0.0,DSL,0.0,0.0,0.0,1.0,1.0,0.0,Two year,1,Credit card (automatic),59.8,3808.2,0.0
Male,0,0,0,9,1,0.0,Fiber optic,0.0,0.0,1.0,0.0,0.0,0.0,Month-to-month,1,Electronic check,73.8,704.3,0.0
Male,0,1,0,29,1,1.0,Fiber optic,0.0,1.0,0.0,0.0,0.0,0.0,Month-to-month,1,Bank transfer (automatic),80.15,2265.25,1.0
Male,0,1,0,55,0,0.0,DSL,0.0,0.0,1.0,1.0,1.0,1.0,Month-to-month,1,Bank transfer (automatic),54.55,2978.3,1.0
Male,0,0,0,13,1,1.0,Fiber optic,0.0,0.0,0.0,1.0,1.0,1.0,Month-to-month,1,Mailed check,99.0,1301.7,1.0
Male,0,1,1,35,1,0.0,No,0.0,0.0,0.0,0.0,0.0,0.0,One year,0,Bank transfer (automatic),20.05,746.75,0.0
Male,0,1,0,24,1,0.0,No,0.0,0.0,0.0,0.0,0.0,0.0,Two year,0,Mailed check,19.75,483.15,0.0
Female,0,0,0,42,1,0.0,DSL,1.0,1.0,0.0,1.0,0.0,1.0,One year,1,Mailed check,67.7,2882.25,0.0
Male,0,0,0,64,1,1.0,DSL,1.0,1.0,1.0,1.0,1.0,0.0,One year,0,Electronic check,81.25,5567.55,0.0
Male,0,0,1,4,1,0.0,DSL,1.0,0.0,0.0,0.0,0.0,0.0,Month-to-month,1,Electronic check,49.4,184.4,1.0
Female,0,1,1,18,1,1.0,No,0.0,0.0,0.0,0.0,0.0,0.0,Two year,0,Mailed check,25.1,428.45,0.0
Female,0,1,1,66,1,0.0,DSL,1.0,0.0,0.0,0.0,1.0,0.0,Two year,1,Electronic check,59.75,3996.8,0.0
Female,0,1,1,71,1,0.0,No,0.0,0.0,0.0,0.0,0.0,0.0,Two year,0,Bank transfer (automatic),19.85,1326.35,0.0
Male,1,0,0,50,1,1.0,DSL,1.0,1.0,0.0,0.0,1.0,0.0,Month-to-month,1,Bank transfer (automatic),70.35,3454.6,0.0
Female,0,1,1,45,0,0.0,DSL,0.0,1.0,1.0,1.0,0.0,1.0,One year,0,Bank transfer (automatic),51.0,2264.5,0.0
Male,1,1,0,41,1,0.0,Fiber optic,0.0,1.0,0.0,0.0,1.0,1.0,Month-to-month,1,Electronic check,94.55,3851.45,0.0
Male,0,1,0,62,1,1.0,Fiber optic,1.0,1.0,0.0,0.0,0.0,1.0,One year,0,Electronic check,96.1,6001.45,0.0
Male,0,0,0,23,1,1.0,Fiber optic,0.0,0.0,1.0,1.0,1.0,0.0,Month-to-month,1,Credit card (automatic),96.9,2085.45,0.0
Female,0,0,1,21,0,0.0,DSL,1.0,1.0,1.0,1.0,1.0,0.0,Two year,0,Mailed check,53.15,1183.2,0.0
Male,0,0,0,52,1,1.0,Fiber optic,1.0,0.0,1.0,1.0,1.0,1.0,Two year,1,Electronic check,109.3,5731.4,0.0
Female,0,1,0,41,0,0.0,DSL,0.0,1.0,0.0,1.0,0.0,0.0,One year,0,Mailed check,35.45,1391.65,0.0
Male,0,1,1,31,1,0.0,DSL,0.0,0.0,1.0,1.0,0.0,0.0,Month-to-month,0,Mailed check,54.35,1647.0,0.0
Female,0,0,0,58,1,1.0,DSL,1.0,1.0,1.0,1.0,0.0,0.0,One year,1,Credit card (automatic),71.1,4299.2,0.0
Male,1,0,0,67,1,0.0,Fiber optic,1.0,1.0,0.0,1.0,1.0,1.0,Two year,1,Electronic check,105.05,7171.7,0.0
Female,0,1,0,31,1,0.0,DSL,0.0,0.0,0.0,1.0,0.0,0.0,Month-to-month,1,Mailed check,49.2,1498.55,0.0
Male,0,1,1,72,1,1.0,DSL,1.0,1.0,1.0,1.0,0.0,1.0,Two year,0,Credit card (automatic),81.0,5750.0,0.0
Male,0,0,0,1,1,0.0,Fiber optic,0.0,0.0,1.0,0.0,1.0,0.0,Month-to-month,1,Electronic check,84.85,84.85,1.0
Male,0,0,0,35,1,0.0,No,0.0,0.0,0.0,0.0,0.0,0.0,Two year,1,Mailed check,20.2,684.4,0.0
Female,0,0,1,44,1,1.0,DSL,0.0,1.0,0.0,0.0,1.0,1.0,One year,1,Mailed check,77.55,3471.1,0.0
Male,0,1,0,31,1,1.0,DSL,0.0,0.0,1.0,1.0,1.0,1.0,One year,1,Mailed check,79.3,2484.0,0.0
Female,1,1,1,59,1,1.0,Fiber optic,0.0,0.0,1.0,0.0,0.0,1.0,Month-to-month,1,Credit card (automatic),88.75,5348.65,0.0
Male,0,0,1,1,0,0.0,DSL,0.0,0.0,0.0,0.0,0.0,0.0,Month-to-month,0,Mailed check,24.2,24.2,0.0
Male,0,1,0,1,1,0.0,DSL,1.0,0.0,1.0,0.0,0.0,0.0,Month-to-month,0,Mailed check,55.7,55.7,0.0
Male,0,1,1,72,1,1.0,DSL,1.0,1.0,1.0,1.0,1.0,1.0,Two year,1,Credit card (automatic),90.8,6397.6,0.0
Male,0,1,1,72,1,1.0,Fiber optic,1.0,1.0,1.0,0.0,1.0,1.0,Two year,1,Credit card (automatic),108.4,7767.25,0.0
Female,0,0,0,22,1,0.0,No,0.0,0.0,0.0,0.0,0.0,0.0,Month-to-month,1,Mailed check,20.05,470.2,0.0
Male,0,0,0,69,1,1.0,Fiber optic,1.0,1.0,1.0,0.0,1.0,1.0,Two year,1,Credit card (automatic),110.05,7430.75,0.0
Male,0,1,0,8,1,0.0,Fiber optic,1.0,0.0,0.0,0.0,0.0,0.0,Month-to-month,1,Electronic check,74.5,609.9,1.0
Male,0,0,0,43,0,0.0,DSL,0.0,0.0,1.0,1.0,0.0,1.0,One year,0,Electronic check,44.15,1931.3,0.0
Female,0,0,0,24,1,1.0,No,0.0,0.0,0.0,0.0,0.0,0.0,Two year,0,Credit card (automatic),25.15,553.0,0.0
Male,0,1,0,46,1,0.0,DSL,1.0,1.0,1.0,1.0,0.0,0.0,Two year,0,Mailed check,65.65,3047.15,0.0
Male,1,0,0,25,1,1.0,Fiber optic,0.0,1.0,0.0,0.0,1.0,0.0,Month-to-month,1,Electronic check,88.95,2291.2,1.0
Female,0,0,0,1,1,0.0,No,0.0,0.0,0.0,0.0,0.0,0.0,Month-to-month,0,Mailed check,19.65,19.65,0.0
Female,0,1,1,57,1,0.0,DSL,1.0,0.0,1.0,1.0,0.0,0.0,One year,1,Mailed check,59.3,3274.35,0.0
Male,1,1,0,47,1,1.0,Fiber optic,0.0,0.0,1.0,0.0,1.0,1.0,Month-to-month,1,Electronic check,100.05,4871.05,1.0
Female,0,0,0,2,1,0.0,No,0.0,0.0,0.0,0.0,0.0,0.0,Month-to-month,0,Mailed check,20.1,39.8,0.0
Male,0,1,1,21,1,1.0,DSL,1.0,1.0,0.0,1.0,1.0,0.0,One year,0,Mailed check,77.5,1625.0,1.0
Male,1,0,0,70,0,0.0,DSL,0.0,0.0,0.0,0.0,1.0,1.0,One year,1,Electronic check,45.25,3264.45,1.0
Male,0,0,0,10,1,1.0,Fiber optic,0.0,1.0,0.0,0.0,0.0,0.0,Month-to-month,1,Bank transfer (automatic),80.7,788.8,1.0
Male,0,0,0,18,1,0.0,Fiber optic,0.0,1.0,1.0,0.0,1.0,1.0,Month-to-month,0,Credit card (automatic),101.3,1794.65,0.0
Male,0,0,0,3,0,0.0,DSL,0.0,1.0,0.0,0.0,0.0,0.0,Month-to-month,1,Electronic check,29.6,79.45,1.0
Female,0,1,0,19,1,1.0,Fiber optic,0.0,0.0,0.0,0.0,1.0,0.0,Month-to-month,1,Electronic check,86.85,1564.4,0.0
Female,0,0,0,10,1,1.0,Fiber optic,0.0,0.0,0.0,0.0,0.0,0.0,Month-to-month,1,Electronic check,74.75,799.65,1.0
Female,0,1,0,7,1,0.0,Fiber optic,0.0,0.0,0.0,0.0,0.0,0.0,Month-to-month,1,Bank transfer (automatic),69.2,477.55,0.0
Female,0,1,1,5,1,0.0,Fiber optic,0.0,0.0,0.0,1.0,1.0,0.0,Month-to-month,1,Electronic check,85.75,470.95,1.0
Male,0,0,0,67,1,1.0,Fiber optic,1.0,1.0,1.0,1.0,1.0,1.0,Two year,0,Credit card (automatic),116.2,7752.3,1.0
Female,0,1,1,16,1,0.0,DSL,1.0,1.0,0.0,1.0,0.0,1.0,Two year,0,Bank transfer (automatic),68.25,1114.85,0.0
Female,0,0,0,13,1,1.0,Fiber optic,1.0,0.0,0.0,0.0,1.0,1.0,Month-to-month,1,Electronic check,100.35,1358.85,1.0
Female,0,0,0,37,1,1.0,Fiber optic,0.0,0.0,0.0,1.0,1.0,1.0,Month-to-month,0,Credit card (automatic),100.3,3541.4,0.0
Female,0,0,0,19,1,1.0,No,0.0,0.0,0.0,0.0,0.0,0.0,Month-to-month,0,Bank transfer (automatic),24.7,465.85,0.0
Female,0,1,1,13,1,0.0,No,0.0,0.0,0.0,0.0,0.0,0.0,Two year,1,Bank transfer (automatic),19.75,246.7,0.0
Male,0,0,0,1,1,0.0,No,0.0,0.0,0.0,0.0,0.0,0.0,Month-to-month,0,Mailed check,20.3,20.3,0.0
Male,1,1,0,24,1,1.0,Fiber optic,0.0,1.0,1.0,0.0,1.0,1.0,Month-to-month,1,Electronic check,104.25,2433.9,1.0
Male,0,0,0,3,1,0.0,DSL,0.0,1.0,0.0,0.0,0.0,0.0,Month-to-month,1,Mailed check,49.9,130.1,1.0
Male,1,1,0,16,1,1.0,Fiber optic,0.0,0.0,1.0,0.0,1.0,1.0,Month-to-month,1,Electronic check,98.75,1587.55,1.0
Male,0,1,1,35,1,1.0,No,0.0,0.0,0.0,0.0,0.0,0.0,Two year,0,Bank transfer (automatic),25.45,809.25,0.0
Male,0,1,0,1,1,0.0,Fiber optic,0.0,0.0,1.0,0.0,0.0,0.0,Month-to-month,0,Credit card (automatic),75.35,75.35,0.0
Female,0,1,1,59,1,0.0,No,0.0,0.0,0.0,0.0,0.0,0.0,Two year,0,Credit card (automatic),19.5,1222.65,0.0
Male,0,1,1,70,1,1.0,DSL,1.0,1.0,1.0,1.0,0.0,1.0,One year,0,Bank transfer (automatic),78.35,5445.95,0.0
Female,0,1,1,13,1,0.0,No,0.0,0.0,0.0,0.0,0.0,0.0,Month-to-month,1,Mailed check,20.45,254.5,0.0
Female,0,0,0,2,1,1.0,DSL,0.0,1.0,0.0,0.0,0.0,0.0,Month-to-month,0,Mailed check,54.15,101.65,0.0
Female,0,0,0,1,1,0.0,DSL,0.0,0.0,0.0,0.0,0.0,0.0,Month-to-month,1,Mailed check,45.4,45.4,0.0
Male,0,1,1,70,1,1.0,No,0.0,0.0,0.0,0.0,0.0,0.0,Two year,0,Mailed check,25.35,1715.15,0.0
Female,0,0,0,42,1,1.0,Fiber optic,1.0,0.0,1.0,0.0,1.0,1.0,Month-to-month,1,Electronic check,105.2,4400.75,1.0
Male,0,0,0,59,1,0.0,DSL,0.0,0.0,1.0,1.0,1.0,0.0,Month-to-month,1,Electronic check,64.65,3735.45,0.0
Female,1,1,0,40,1,0.0,Fiber optic,0.0,1.0,0.0,1.0,1.0,1.0,One year,1,Credit card (automatic),99.2,4062.2,1.0
Female,0,0,0,11,1,0.0,DSL,0.0,1.0,0.0,0.0,0.0,0.0,Month-to-month,0,Electronic check,51.1,531.15,0.0
Male,0,1,0,14,1,1.0,Fiber optic,0.0,0.0,0.0,0.0,0.0,1.0,Month-to-month,1,Electronic check,85.15,1139.2,1.0
Male,0,1,1,21,1,0.0,No,0.0,0.0,0.0,0.0,0.0,0.0,One year,0,Mailed check,19.8,350.1,0.0
Male,0,0,0,33,1,0.0,No,0.0,0.0,0.0,0.0,0.0,0.0,Two year,0,Mailed check,20.35,689.75,0.0
Male,0,0,0,5,1,0.0,No,0.0,0.0,0.0,0.0,0.0,0.0,Month-to-month,0,Credit card (automatic),20.05,95.55,0.0
Female,1,0,0,35,1,0.0,Fiber optic,0.0,0.0,0.0,0.0,0.0,0.0,Month-to-month,0,Electronic check,70.55,2419.0,0.0
Male,0,0,0,2,1,0.0,No,0.0,0.0,0.0,0.0,0.0,0.0,Month-to-month,1,Electronic check,19.65,31.2,0.0
Male,0,0,0,3,1,0.0,Fiber optic,0.0,0.0,0.0,0.0,1.0,0.0,Month-to-month,0,Electronic check,79.25,267.6,1.0
Female,0,0,0,11,1,0.0,DSL,1.0,0.0,1.0,0.0,0.0,1.0,Month-to-month,0,Bank transfer (automatic),64.05,733.95,0.0
Male,0,0,0,44,1,0.0,No,0.0,0.0,0.0,0.0,0.0,0.0,Two year,0,Mailed check,20.05,845.25,0.0
Male,0,1,1,59,1,0.0,No,0.0,0.0,0.0,0.0,0.0,0.0,Two year,0,Mailed check,19.5,1147.85,0.0
Female,0,0,0,35,0,0.0,DSL,0.0,0.0,1.0,1.0,0.0,0.0,Month-to-month,1,Mailed check,33.45,1175.85,0.0
Female,1,0,0,26,1,0.0,Fiber optic,1.0,0.0,0.0,0.0,1.0,0.0,Month-to-month,1,Credit card (automatic),85.8,2193.65,0.0
Male,0,0,0,1,1,0.0,Fiber optic,0.0,0.0,0.0,0.0,0.0,1.0,Month-to-month,1,Electronic check,80.8,80.8,1.0
Male,0,1,0,25,1,1.0,DSL,0.0,0.0,1.0,0.0,0.0,0.0,Month-to-month,0,Credit card (automatic),55.55,1405.3,0.0
Male,0,0,0,1,1,0.0,No,0.0,0.0,0.0,0.0,0.0,0.0,Month-to-month,0,Mailed check,19.7,19.7,1.0
Male,1,0,0,55,1,1.0,Fiber optic,1.0,1.0,1.0,1.0,1.0,1.0,Month-to-month,1,Electronic check,116.5,6382.55,0.0
Male,0,1,1,35,1,1.0,Fiber optic,0.0,1.0,1.0,1.0,1.0,1.0,Month-to-month,1,Electronic check,109.95,3782.4,0.0
Female,0,0,0,33,1,1.0,Fiber optic,1.0,0.0,0.0,0.0,0.0,1.0,Month-to-month,1,Electronic check,90.65,2989.6,0.0
Female,0,1,0,9,0,0.0,DSL,0.0,0.0,1.0,0.0,1.0,1.0,Month-to-month,1,Electronic check,48.75,442.2,1.0
Female,1,0,0,45,1,0.0,Fiber optic,1.0,1.0,0.0,1.0,0.0,0.0,Month-to-month,1,Bank transfer (automatic),85.7,3778.1,0.0
Female,0,0,0,13,0,0.0,DSL,0.0,1.0,0.0,0.0,0.0,0.0,Month-to-month,0,Electronic check,29.15,357.15,0.0
Female,1,1,0,43,1,1.0,Fiber optic,0.0,0.0,1.0,1.0,1.0,1.0,One year,1,Electronic check,107.55,4533.9,1.0
Male,0,1,1,37,0,0.0,DSL,1.0,0.0,1.0,1.0,0.0,0.0,One year,1,Electronic check,40.2,1525.35,0.0
Female,1,0,0,53,1,0.0,Fiber optic,0.0,1.0,0.0,0.0,0.0,0.0,Month-to-month,1,Credit card (automatic),73.8,4003.85,0.0
Male,0,1,0,7,0,0.0,DSL,1.0,1.0,0.0,0.0,0.0,0.0,Month-to-month,0,Mailed check,34.2,256.6,0.0
Male,0,0,0,55,1,0.0,DSL,0.0,1.0,0.0,1.0,0.0,1.0,One year,1,Electronic check,64.2,3627.3,0.0
Male,0,1,1,12,1,0.0,No,0.0,0.0,0.0,0.0,0.0,0.0,Month-to-month,1,Electronic check,19.2,239.0,0.0
Female,0,1,1,14,1,0.0,No,0.0,0.0,0.0,0.0,0.0,0.0,Two year,1,Mailed check,19.7,263.65,0.0
Male,0,1,1,70,1,0.0,No,0.0,0.0,0.0,0.0,0.0,0.0,Two year,0,Credit card (automatic),20.35,1458.1,0.0
Male,0,0,0,60,1,1.0,Fiber optic,0.0,0.0,1.0,0.0,1.0,0.0,Two year,1,Electronic check,89.55,5231.2,0.0
Male,0,1,0,56,1,0.0,Fiber optic,0.0,0.0,0.0,0.0,1.0,1.0,Month-to-month,0,Mailed check,89.7,4952.95,0.0
Female,0,1,0,71,1,1.0,Fiber optic,1.0,1.0,0.0,0.0,1.0,0.0,One year,0,Mailed check,95.65,6856.95,0.0
Male,0,0,0,66,1,1.0,Fiber optic,0.0,1.0,0.0,0.0,0.0,1.0,Month-to-month,0,Credit card (automatic),89.4,5976.9,0.0
Male,0,1,1,51,1,0.0,No,0.0,0.0,0.0,0.0,0.0,0.0,One year,0,Mailed check,19.4,997.75,0.0
Female,0,0,0,1,1,0.0,DSL,0.0,0.0,0.0,0.0,0.0,0.0,Month-to-month,0,Mailed check,43.95,43.95,1.0
Female,0,1,1,67,1,1.0,DSL,0.0,0.0,1.0,1.0,0.0,1.0,Two year,1,Bank transfer (automatic),69.9,4615.9,0.0
Male,0,1,0,59,1,1.0,DSL,1.0,0.0,0.0,1.0,0.0,1.0,One year,1,Mailed check,69.1,4096.9,0.0
Female,1,0,0,10,1,0.0,Fiber optic,0.0,0.0,1.0,0.0,0.0,1.0,Month-to-month,1,Credit card (automatic),84.6,865.55,1.0
Female,0,0,0,18,1,0.0,Fiber optic,1.0,0.0,0.0,0.0,0.0,0.0,Month-to-month,1,Electronic check,75.4,1380.4,0.0
Female,0,1,0,59,1,0.0,No,0.0,0.0,0.0,0.0,0.0,0.0,One year,0,Mailed check,20.35,1267.0,0.0
Male,1,1,0,71,1,1.0,Fiber optic,1.0,1.0,1.0,1.0,1.0,1.0,Two year,1,Bank transfer (automatic),115.05,8016.6,0.0
Male,1,0,0,22,1,1.0,Fiber optic,0.0,0.0,0.0,1.0,1.0,0.0,Month-to-month,1,Bank transfer (automatic),90.5,1910.6,1.0
Male,0,0,0,43,1,1.0,Fiber optic,0.0,1.0,0.0,0.0,1.0,1.0,Month-to-month,1,Electronic check,101.4,4528.0,1.0
Female,0,1,0,68,1,1.0,Fiber optic,0.0,1.0,1.0,0.0,0.0,0.0,One year,0,Credit card (automatic),86.45,5762.95,0.0
Female,0,0,0,12,1,1.0,DSL,0.0,0.0,0.0,1.0,1.0,1.0,One year,0,Mailed check,74.05,872.65,1.0
Female,0,0,0,23,1,0.0,Fiber optic,0.0,1.0,1.0,1.0,0.0,0.0,Month-to-month,0,Bank transfer (automatic),83.2,2032.3,0.0
Male,0,1,1,69,1,1.0,DSL,0.0,1.0,1.0,1.0,1.0,1.0,Two year,1,Bank transfer (automatic),81.95,5601.4,0.0
Female,0,1,0,3,1,0.0,No,0.0,0.0,0.0,0.0,0.0,0.0,Month-to-month,0,Mailed check,20.85,72.0,0.0
Male,0,0,0,4,0,0.0,DSL,0.0,0.0,0.0,1.0,0.0,0.0,Month-to-month,0,Electronic check,30.5,118.4,0.0
Male,0,0,0,10,1,0.0,Fiber optic,1.0,0.0,1.0,0.0,1.0,1.0,One year,1,Electronic check,98.9,1064.95,0.0
Female,0,0,0,70,1,1.0,DSL,1.0,1.0,1.0,1.0,1.0,1.0,Two year,0,Credit card (automatic),89.75,6367.2,0.0
Male,0,0,0,4,1,0.0,DSL,0.0,0.0,0.0,1.0,1.0,0.0,Month-to-month,1,Electronic check,61.3,249.4,0.0
Female,0,1,1,13,1,0.0,No,0.0,0.0,0.0,0.0,0.0,0.0,Month-to-month,0,Mailed check,18.8,251.25,0.0
Male,0,1,1,15,1,0.0,No,0.0,0.0,0.0,0.0,0.0,0.0,Month-to-month,1,Electronic check,20.0,288.05,1.0
Male,0,0,1,57,1,1.0,DSL,1.0,1.0,1.0,1.0,1.0,1.0,Two year,0,Mailed check,89.55,5012.35,0.0
Female,0,1,1,32,1,1.0,Fiber optic,0.0,0.0,1.0,0.0,0.0,1.0,Month-to-month,1,Bank transfer (automatic),91.05,2954.5,1.0
Female,0,1,1,36,1,0.0,DSL,1.0,0.0,0.0,0.0,0.0,0.0,Month-to-month,0,Credit card (automatic),51.05,1815.0,0.0
Male,0,1,1,61,1,1.0,Fiber optic,0.0,0.0,1.0,0.0,1.0,1.0,One year,1,Electronic check,99.9,6241.35,0.0
Male,0,0,0,17,0,0.0,DSL,0.0,0.0,0.0,0.0,0.0,0.0,Month-to-month,0,Credit card (automatic),25.1,382.8,0.0
Male,0,0,0,72,1,1.0,Fiber optic,0.0,1.0,1.0,0.0,1.0,1.0,One year,1,Electronic check,104.95,7544.3,0.0
Male,0,1,0,22,1,0.0,DSL,1.0,0.0,0.0,1.0,0.0,0.0,Month-to-month,1,Electronic check,54.2,1152.7,1.0
Female,0,0,0,3,1,0.0,No,0.0,0.0,0.0,0.0,0.0,0.0,Month-to-month,0,Mailed check,20.4,63.15,0.0
Male,0,0,0,6,1,0.0,DSL,1.0,0.0,1.0,1.0,1.0,1.0,Month-to-month,0,Credit card (automatic),78.65,483.3,0.0
Male,0,1,1,24,1,1.0,DSL,1.0,0.0,0.0,1.0,1.0,1.0,Month-to-month,0,Bank transfer (automatic),81.0,1923.85,0.0
Female,0,1,1,38,1,0.0,No,0.0,0.0,0.0,0.0,0.0,0.0,Two year,1,Mailed check,20.2,746.05,0.0
Female,1,0,0,69,1,1.0,Fiber optic,1.0,0.0,1.0,1.0,1.0,1.0,Two year,0,Credit card (automatic),110.25,7467.55,0.0
Female,0,1,1,2,1,0.0,Fiber optic,0.0,1.0,0.0,0.0,0.0,0.0,Month-to-month,1,Bank transfer (automatic),73.55,145.4,1.0
Male,0,1,1,1,1,0.0,Fiber optic,0.0,0.0,0.0,0.0,0.0,0.0,Month-to-month,1,Electronic check,71.0,71.0,1.0
Male,0,0,0,1,1,0.0,No,0.0,0.0,0.0,0.0,0.0,0.0,Month-to-month,0,Mailed check,20.2,20.2,0.0
Female,0,0,0,29,0,0.0,DSL,0.0,0.0,0.0,0.0,0.0,0.0,Month-to-month,1,Credit card (automatic),25.1,712.85,1.0
Female,0,1,0,23,1,0.0,DSL,0.0,0.0,0.0,1.0,1.0,0.0,One year,0,Bank transfer (automatic),60.0,1347.15,0.0
Male,0,1,1,72,1,1.0,DSL,1.0,0.0,1.0,1.0,1.0,1.0,Two year,1,Credit card (automatic),83.55,6093.3,0.0
Female,0,0,0,1,1,0.0,DSL,0.0,0.0,0.0,0.0,0.0,1.0,Month-to-month,1,Electronic check,55.4,55.4,1.0
Male,0,0,1,54,1,0.0,DSL,0.0,1.0,1.0,1.0,0.0,0.0,One year,1,Electronic check,61.0,3283.05,0.0
Male,0,0,0,15,1,1.0,Fiber optic,0.0,1.0,0.0,1.0,0.0,1.0,Month-to-month,0,Electronic check,95.7,1451.1,0.0
Male,0,0,0,26,1,1.0,Fiber optic,1.0,1.0,0.0,0.0,1.0,0.0,Month-to-month,1,Credit card (automatic),92.4,2349.8,0.0
Female,0,0,0,10,1,1.0,Fiber optic,0.0,0.0,1.0,0.0,1.0,1.0,Month-to-month,1,Electronic check,100.6,1060.2,1.0
Female,0,1,0,14,1,0.0,Fiber optic,0.0,0.0,0.0,0.0,0.0,1.0,Month-to-month,1,Electronic check,78.1,1122.4,0.0
Female,1,1,1,55,1,1.0,DSL,1.0,0.0,1.0,1.0,1.0,0.0,One year,0,Electronic check,76.25,4154.55,0.0
Male,1,1,0,69,1,1.0,Fiber optic,1.0,0.0,1.0,1.0,1.0,1.0,One year,1,Mailed check,110.55,7610.1,0.0
Female,0,0,0,7,1,0.0,Fiber optic,0.0,0.0,0.0,0.0,1.0,0.0,Month-to-month,1,Electronic check,79.0,522.95,1.0
Male,0,0,0,7,0,0.0,DSL,1.0,0.0,1.0,0.0,0.0,0.0,One year,0,Mailed check,35.3,264.8,0.0
Female,0,0,0,20,1,0.0,No,0.0,0.0,0.0,0.0,0.0,0.0,One year,0,Mailed check,19.5,403.15,0.0
Male,0,1,1,21,1,1.0,Fiber optic,0.0,1.0,1.0,0.0,1.0,1.0,Month-to-month,0,Electronic check,104.4,2157.95,1.0
Male,0,1,0,67,1,1.0,Fiber optic,0.0,1.0,1.0,0.0,0.0,1.0,Two year,1,Electronic check,93.15,6368.2,0.0
Female,0,0,0,1,1,0.0,DSL,0.0,1.0,0.0,0.0,0.0,0.0,Month-to-month,0,Electronic check,49.95,49.95,0.0
Female,0,1,1,48,1,0.0,Fiber optic,1.0,0.0,1.0,0.0,1.0,1.0,One year,1,Bank transfer (automatic),99.7,4977.2,0.0
Female,1,0,0,41,1,1.0,Fiber optic,0.0,1.0,1.0,0.0,1.0,1.0,Month-to-month,1,Electronic check,104.4,4133.95,0.0
Male,0,1,1,22,1,0.0,No,0.0,0.0,0.0,0.0,0.0,0.0,One year,0,Bank transfer (automatic),20.25,488.25,0.0
Male,1,0,0,35,1,1.0,Fiber optic,1.0,0.0,0.0,0.0,0.0,1.0,Month-to-month,0,Credit card (automatic),91.0,3180.5,0.0
Female,0,1,1,8,1,0.0,No,0.0,0.0,0.0,0.0,0.0,0.0,Two year,0,Bank transfer (automatic),19.5,159.35,0.0
Female,0,0,0,7,1,0.0,No,0.0,0.0,0.0,0.0,0.0,0.0,One year,0,Mailed check,20.25,129.15,0.0
Male,0,0,0,1,1,1.0,Fiber optic,0.0,1.0,0.0,0.0,0.0,0.0,Month-to-month,1,Electronic check,79.15,79.15,1.0
Male,0,0,0,39,1,1.0,Fiber optic,1.0,1.0,0.0,0.0,1.0,1.0,Month-to-month,1,Electronic check,106.4,4040.65,0.0
Male,0,0,1,54,1,1.0,DSL,0.0,1.0,0.0,0.0,0.0,0.0,Month-to-month,1,Credit card (automatic),55.0,3092.65,1.0
Female,0,0,0,13,1,1.0,DSL,1.0,0.0,1.0,0.0,1.0,1.0,Month-to-month,1,Electronic check,78.75,995.35,0.0
Female,0,1,1,41,1,0.0,DSL,1.0,1.0,0.0,1.0,1.0,1.0,Two year,0,Electronic check,78.45,3126.45,0.0
Male,1,1,0,1,1,0.0,Fiber optic,0.0,0.0,0.0,0.0,0.0,0.0,Month-to-month,1,Electronic check,70.3,70.3,1.0
Female,0,1,0,69,1,0.0,Fiber optic,1.0,1.0,0.0,1.0,1.0,1.0,One year,1,Credit card (automatic),106.4,7251.9,0.0
Female,0,0,0,6,1,1.0,Fiber optic,0.0,1.0,0.0,0.0,1.0,0.0,Month-to-month,1,Electronic check,90.1,521.3,1.0
Female,0,0,0,4,1,0.0,DSL,1.0,0.0,0.0,0.0,0.0,0.0,Month-to-month,1,Bank transfer (automatic),50.55,235.65,0.0
Male,0,0,1,70,1,1.0,DSL,1.0,1.0,0.0,1.0,0.0,0.0,One year,0,Bank transfer (automatic),64.95,4551.5,0.0
Female,0,1,1,72,1,1.0,Fiber optic,0.0,1.0,1.0,1.0,1.0,1.0,Two year,1,Bank transfer (automatic),109.2,7711.45,0.0
Male,0,1,0,20,1,0.0,No,0.0,0.0,0.0,0.0,0.0,0.0,One year,0,Mailed check,20.65,417.5,0.0
Male,0,1,1,22,1,0.0,No,0.0,0.0,0.0,0.0,0.0,0.0,One year,0,Mailed check,19.95,433.5,0.0
Male,1,1,0,36,1,1.0,Fiber optic,0.0,0.0,0.0,0.0,0.0,1.0,Month-to-month,1,Electronic check,84.1,3021.6,1.0
Male,0,0,0,16,1,0.0,No,0.0,0.0,0.0,0.0,0.0,0.0,Month-to-month,1,Credit card (automatic),20.6,330.25,0.0
Male,0,0,0,2,1,0.0,No,0.0,0.0,0.0,0.0,0.0,0.0,Month-to-month,0,Mailed check,20.05,42.7,0.0
Female,0,0,0,34,1,0.0,DSL,1.0,0.0,1.0,1.0,1.0,1.0,One year,1,Bank transfer (automatic),79.95,2727.3,0.0
Male,0,1,1,53,1,1.0,DSL,1.0,1.0,0.0,0.0,0.0,1.0,Two year,0,Bank transfer (automatic),69.7,3686.05,0.0
Female,0,0,1,8,1,0.0,No,0.0,0.0,0.0,0.0,0.0,0.0,Month-to-month,0,Mailed check,20.05,163.6,0.0
Female,0,0,0,39,0,0.0,DSL,1.0,1.0,0.0,1.0,0.0,0.0,One year,1,Bank transfer (automatic),40.3,1630.4,0.0
Male,0,1,0,35,0,0.0,DSL,1.0,0.0,1.0,0.0,1.0,1.0,One year,0,Credit card (automatic),53.15,1930.9,0.0
Male,0,0,0,57,1,1.0,Fiber optic,0.0,0.0,0.0,0.0,1.0,0.0,One year,1,Electronic check,86.9,4939.25,0.0
Male,0,1,0,70,1,1.0,No,0.0,0.0,0.0,0.0,0.0,0.0,Two year,0,Bank transfer (automatic),25.15,1940.85,0.0
Female,0,1,1,45,1,1.0,No,0.0,0.0,0.0,0.0,0.0,0.0,Two year,1,Credit card (automatic),24.65,1171.3,0.0
Male,1,1,0,22,1,0.0,Fiber optic,0.0,0.0,0.0,0.0,1.0,1.0,Month-to-month,1,Bank transfer (automatic),89.75,1938.9,0.0
Female,0,1,1,72,1,0.0,Fiber optic,1.0,1.0,1.0,1.0,1.0,1.0,Two year,1,Credit card (automatic),109.5,7854.9,0.0
Male,0,1,1,68,1,1.0,Fiber optic,1.0,1.0,0.0,0.0,0.0,0.0,One year,1,Bank transfer (automatic),85.5,5696.6,0.0
Male,1,0,0,15,1,0.0,Fiber optic,0.0,0.0,0.0,0.0,0.0,1.0,Month-to-month,1,Electronic check,79.4,1156.1,1.0
Female,0,1,1,67,1,1.0,Fiber optic,1.0,0.0,1.0,1.0,0.0,1.0,One year,1,Bank transfer (automatic),100.25,6689.0,0.0
Female,1,1,0,60,1,1.0,Fiber optic,0.0,1.0,1.0,0.0,1.0,1.0,Month-to-month,1,Electronic check,105.9,6401.25,0.0
Male,0,0,0,20,1,0.0,No,0.0,0.0,0.0,0.0,0.0,0.0,Month-to-month,1,Credit card (automatic),19.6,356.15,0.0
Male,0,1,0,35,1,0.0,DSL,1.0,1.0,1.0,0.0,0.0,0.0,Month-to-month,0,Mailed check,61.0,2130.45,0.0
Male,0,0,0,15,0,0.0,DSL,0.0,0.0,0.0,1.0,0.0,0.0,Month-to-month,1,Electronic check,29.7,438.25,1.0
Female,0,0,0,13,1,1.0,Fiber optic,1.0,1.0,0.0,0.0,1.0,0.0,Month-to-month,1,Electronic check,96.65,1244.5,1.0
Male,0,0,0,26,1,0.0,DSL,0.0,0.0,0.0,0.0,0.0,0.0,Month-to-month,0,Electronic check,45.45,1233.15,0.0
Male,0,1,0,10,1,0.0,Fiber optic,0.0,0.0,0.0,0.0,0.0,0.0,Month-to-month,1,Electronic check,70.1,659.65,1.0
Female,0,0,0,5,1,0.0,Fiber optic,0.0,0.0,0.0,0.0,1.0,0.0,Month-to-month,1,Credit card (automatic),81.0,389.6,1.0
Male,0,0,1,1,0,0.0,DSL,0.0,0.0,0.0,0.0,0.0,0.0,Month-to-month,1,Electronic check,24.7,24.7,0.0
Male,0,0,0,13,1,0.0,DSL,0.0,1.0,0.0,1.0,1.0,1.0,Month-to-month,0,Mailed check,73.35,931.55,0.0
Male,0,1,1,15,1,1.0,Fiber optic,0.0,0.0,0.0,0.0,0.0,0.0,Month-to-month,1,Bank transfer (automatic),74.9,1107.25,1.0
Male,0,0,0,69,1,0.0,No,0.0,0.0,0.0,0.0,0.0,0.0,Two year,1,Mailed check,19.1,1268.85,0.0
Female,0,0,0,61,1,1.0,Fiber optic,1.0,1.0,1.0,1.0,1.0,1.0,One year,1,Mailed check,115.1,6993.65,0.0
Male,0,0,1,1,1,0.0,No,0.0,0.0,0.0,0.0,0.0,0.0,Month-to-month,0,Mailed check,19.55,19.55,0.0
Male,0,1,0,72,1,1.0,DSL,0.0,1.0,1.0,0.0,1.0,1.0,Two year,0,Bank transfer (automatic),82.15,5784.3,0.0
Male,0,0,0,66,1,0.0,Fiber optic,1.0,0.0,1.0,1.0,1.0,1.0,Two year,1,Bank transfer (automatic),105.65,6844.5,0.0
Female,0,0,0,1,1,0.0,Fiber optic,0.0,0.0,0.0,0.0,0.0,0.0,Month-to-month,0,Electronic check,68.65,68.65,1.0
Male,1,0,0,63,1,1.0,Fiber optic,1.0,1.0,1.0,0.0,1.0,1.0,Month-to-month,1,Bank transfer (automatic),109.4,7031.45,0.0
Male,0,0,0,16,1,0.0,No,0.0,0.0,0.0,0.0,0.0,0.0,Month-to-month,0,Credit card (automatic),19.75,294.9,0.0
Male,0,0,1,66,1,1.0,DSL,1.0,1.0,0.0,1.0,0.0,0.0,Two year,0,Bank transfer (automatic),65.7,4378.9,0.0
Male,0,0,0,17,1,1.0,Fiber optic,1.0,1.0,1.0,1.0,1.0,0.0,Month-to-month,1,Bank transfer (automatic),106.65,1672.1,0.0
Male,0,0,0,4,1,0.0,DSL,0.0,0.0,0.0,0.0,0.0,1.0,Month-to-month,0,Electronic check,54.3,195.3,1.0
Male,0,0,0,67,1,0.0,DSL,1.0,0.0,1.0,0.0,0.0,1.0,Two year,0,Bank transfer (automatic),65.55,4361.55,0.0
Male,0,0,1,1,0,0.0,DSL,0.0,0.0,0.0,0.0,0.0,0.0,Month-to-month,1,Electronic check,25.3,25.3,1.0
Male,1,0,0,43,1,0.0,Fiber optic,0.0,0.0,0.0,0.0,1.0,1.0,Month-to-month,1,Mailed check,89.55,3856.75,1.0
Female,1,1,0,50,1,1.0,Fiber optic,0.0,0.0,0.0,1.0,1.0,1.0,One year,1,Electronic check,100.65,5189.75,0.0
Male,0,1,0,5,1,1.0,Fiber optic,0.0,1.0,0.0,0.0,0.0,0.0,Month-to-month,1,Electronic check,81.3,416.3,1.0
Male,0,1,0,71,1,1.0,Fiber optic,0.0,1.0,0.0,1.0,1.0,1.0,Two year,1,Credit card (automatic),104.15,7365.3,0.0
Female,0,1,1,49,1,1.0,DSL,0.0,1.0,0.0,1.0,1.0,1.0,Two year,0,Bank transfer (automatic),79.3,3902.45,0.0
Male,0,1,1,62,1,0.0,No,0.0,0.0,0.0,0.0,0.0,0.0,Two year,0,Bank transfer (automatic),20.45,1297.35,0.0
Female,0,1,0,9,1,0.0,DSL,0.0,1.0,0.0,0.0,0.0,0.0,Month-to-month,0,Mailed check,50.85,466.6,0.0
Female,0,1,1,65,1,1.0,No,0.0,0.0,0.0,0.0,0.0,0.0,Two year,1,Bank transfer (automatic),25.3,1748.55,0.0
Female,0,0,0,63,1,0.0,No,0.0,0.0,0.0,0.0,0.0,0.0,Two year,1,Mailed check,20.6,1298.7,0.0
Female,0,0,0,6,1,0.0,No,0.0,0.0,0.0,0.0,0.0,0.0,Month-to-month,0,Credit card (automatic),19.7,129.55,0.0
Female,0,0,0,38,1,0.0,Fiber optic,0.0,0.0,0.0,0.0,1.0,1.0,One year,1,Mailed check,89.1,3342.0,0.0
Male,0,0,0,1,1,0.0,DSL,0.0,0.0,0.0,1.0,0.0,0.0,Month-to-month,0,Mailed check,51.25,51.25,1.0
Female,0,0,0,36,1,1.0,Fiber optic,0.0,1.0,0.0,0.0,1.0,1.0,Month-to-month,1,Electronic check,99.15,3615.6,1.0
Female,0,0,0,63,1,1.0,No,0.0,0.0,0.0,0.0,0.0,0.0,Two year,0,Mailed check,24.2,1618.2,0.0
Male,0,1,1,39,1,1.0,Fiber optic,0.0,0.0,1.0,0.0,1.0,1.0,One year,0,Electronic check,100.0,3835.55,0.0
Male,0,0,0,28,0,0.0,DSL,0.0,0.0,0.0,1.0,0.0,0.0,Month-to-month,1,Credit card (automatic),30.1,810.85,0.0
Female,0,0,1,50,1,0.0,Fiber optic,0.0,0.0,0.0,0.0,0.0,0.0,Two year,0,Credit card (automatic),70.35,3533.6,0.0
Female,0,1,1,49,1,1.0,Fiber optic,0.0,1.0,1.0,1.0,1.0,1.0,Two year,1,Bank transfer (automatic),107.95,5293.2,1.0
Female,1,0,0,1,1,0.0,Fiber optic,0.0,0.0,1.0,0.0,0.0,1.0,Month-to-month,1,Electronic check,85.0,85.0,1.0
Male,0,0,0,31,1,0.0,No,0.0,0.0,0.0,0.0,0.0,0.0,Two year,0,Mailed check,20.45,638.55,0.0
Male,0,0,0,10,1,0.0,DSL,0.0,1.0,0.0,0.0,1.0,0.0,Month-to-month,1,Mailed check,59.65,638.95,0.0
Female,0,1,1,1,1,0.0,No,0.0,0.0,0.0,0.0,0.0,0.0,Two year,0,Mailed check,20.35,20.35,0.0
Male,1,1,0,1,0,0.0,DSL,0.0,0.0,0.0,0.0,0.0,0.0,Month-to-month,0,Electronic check,25.05,25.05,1.0
Female,0,0,0,1,1,0.0,Fiber optic,0.0,0.0,0.0,0.0,0.0,0.0,Month-to-month,1,Electronic check,70.1,70.1,1.0
Female,0,0,0,1,1,0.0,Fiber optic,0.0,0.0,1.0,0.0,1.0,1.0,Month-to-month,0,Electronic check,94.4,94.4,1.0
Female,0,1,1,44,1,1.0,Fiber optic,0.0,1.0,1.0,0.0,0.0,1.0,One year,0,Electronic check,94.4,4295.35,0.0
Female,0,0,0,1,1,0.0,DSL,1.0,0.0,0.0,0.0,0.0,0.0,Month-to-month,1,Bank transfer (automatic),48.45,48.45,0.0
Female,0,1,1,7,1,0.0,No,0.0,0.0,0.0,0.0,0.0,0.0,Two year,0,Mailed check,19.85,144.15,0.0
Female,0,1,1,40,1,0.0,DSL,1.0,1.0,0.0,1.0,0.0,1.0,Month-to-month,1,Mailed check,71.35,2847.2,0.0
Female,1,1,0,36,1,1.0,Fiber optic,0.0,1.0,0.0,0.0,1.0,0.0,Month-to-month,1,Credit card (automatic),91.95,3301.05,0.0
Male,0,1,1,54,0,0.0,DSL,0.0,0.0,1.0,1.0,0.0,1.0,Two year,0,Credit card (automatic),46.0,2424.05,0.0
Female,0,0,0,43,0,0.0,DSL,0.0,0.0,1.0,0.0,1.0,1.0,Month-to-month,1,Bank transfer (automatic),49.05,2076.2,1.0
Male,0,0,0,40,1,0.0,Fiber optic,0.0,1.0,0.0,1.0,0.0,1.0,One year,1,Credit card (automatic),89.6,3488.15,0.0
Female,0,0,0,1,1,0.0,Fiber optic,0.0,0.0,0.0,0.0,0.0,0.0,Month-to-month,1,Electronic check,70.6,70.6,1.0
Female,0,1,1,72,1,1.0,No,0.0,0.0,0.0,0.0,0.0,0.0,Two year,0,Bank transfer (automatic),25.2,1787.35,0.0
Male,0,0,0,65,1,1.0,Fiber optic,1.0,0.0,0.0,1.0,0.0,1.0,One year,0,Electronic check,93.55,6069.25,0.0
Female,0,0,0,1,1,0.0,No,0.0,0.0,0.0,0.0,0.0,0.0,Month-to-month,0,Credit card (automatic),20.3,20.3,0.0
Female,0,0,1,1,1,0.0,Fiber optic,0.0,0.0,0.0,0.0,0.0,0.0,Month-to-month,1,Electronic check,69.65,69.65,1.0
Female,0,0,0,1,1,0.0,Fiber optic,0.0,1.0,0.0,0.0,0.0,0.0,Month-to-month,1,Electronic check,75.7,75.7,1.0
Female,0,0,0,71,1,1.0,Fiber optic,1.0,1.0,1.0,0.0,1.0,1.0,Two year,1,Credit card (automatic),106.75,7283.25,0.0
Female,0,1,1,72,1,0.0,Fiber optic,1.0,1.0,1.0,1.0,1.0,1.0,Two year,1,Bank transfer (automatic),108.3,7679.65,0.0
Male,0,1,1,50,1,0.0,Fiber optic,0.0,1.0,1.0,1.0,1.0,1.0,One year,1,Bank transfer (automatic),103.4,5236.4,0.0
Male,0,0,0,26,1,1.0,Fiber optic,1.0,1.0,0.0,0.0,0.0,0.0,Month-to-month,1,Credit card (automatic),86.65,2208.75,0.0
Male,0,0,0,1,1,0.0,DSL,0.0,0.0,0.0,0.0,0.0,1.0,Month-to-month,1,Mailed check,55.7,55.7,1.0
Female,0,1,0,72,1,1.0,Fiber optic,1.0,1.0,1.0,1.0,0.0,0.0,Two year,1,Bank transfer (automatic),94.25,6849.75,0.0
Female,0,0,0,12,1,0.0,No,0.0,0.0,0.0,0.0,0.0,0.0,Month-to-month,0,Mailed check,20.4,266.6,0.0
Female,1,0,0,14,1,0.0,Fiber optic,1.0,1.0,0.0,0.0,0.0,0.0,Month-to-month,0,Electronic check,78.85,1043.8,0.0
Male,1,1,0,53,1,1.0,Fiber optic,0.0,1.0,1.0,0.0,1.0,1.0,Month-to-month,1,Electronic check,103.85,5485.5,1.0
Male,0,0,0,22,1,0.0,No,0.0,0.0,0.0,0.0,0.0,0.0,One year,0,Mailed check,20.3,475.1,0.0
Female,1,0,0,67,1,1.0,DSL,0.0,1.0,0.0,0.0,0.0,0.0,Month-to-month,0,Electronic check,54.9,3725.5,0.0
Male,0,0,0,57,1,0.0,No,0.0,0.0,0.0,0.0,0.0,0.0,Two year,0,Bank transfer (automatic),20.65,1125.6,0.0
Female,0,1,0,9,1,0.0,Fiber optic,0.0,0.0,0.0,0.0,1.0,1.0,Month-to-month,0,Electronic check,89.45,853.1,1.0
Male,0,1,1,7,1,0.0,Fiber optic,0.0,0.0,0.0,0.0,0.0,0.0,Month-to-month,1,Bank transfer (automatic),69.95,529.5,1.0
Female,0,1,0,72,0,0.0,DSL,0.0,1.0,1.0,0.0,1.0,1.0,Two year,1,Electronic check,54.2,3937.45,1.0
Female,1,0,0,62,1,1.0,Fiber optic,0.0,0.0,0.0,0.0,1.0,0.0,One year,0,Electronic check,84.45,4959.15,0.0
Female,0,0,0,72,1,1.0,Fiber optic,1.0,0.0,0.0,1.0,0.0,0.0,Two year,1,Bank transfer (automatic),84.7,6185.15,0.0
Female,0,0,0,4,1,1.0,No,0.0,0.0,0.0,0.0,0.0,0.0,One year,0,Electronic check,23.9,97.5,0.0
Male,0,0,0,2,1,0.0,Fiber optic,0.0,0.0,0.0,0.0,0.0,0.0,Month-to-month,1,Credit card (automatic),69.8,134.7,1.0
Male,0,1,1,55,1,0.0,Fiber optic,0.0,1.0,0.0,1.0,0.0,0.0,Month-to-month,0,Electronic check,79.4,4238.45,0.0
Male,0,1,1,47,1,0.0,Fiber optic,1.0,0.0,1.0,0.0,0.0,1.0,Month-to-month,0,Electronic check,90.05,4137.2,0.0
Female,0,0,1,11,1,0.0,No,0.0,0.0,0.0,0.0,0.0,0.0,Month-to-month,0,Credit card (automatic),20.1,221.35,1.0
Female,0,1,1,19,1,0.0,DSL,0.0,0.0,1.0,0.0,0.0,0.0,Month-to-month,1,Bank transfer (automatic),49.6,962.9,0.0
Female,0,1,1,65,1,1.0,Fiber optic,0.0,1.0,1.0,1.0,1.0,1.0,Two year,1,Credit card (automatic),110.8,7245.9,0.0
Female,1,0,0,59,1,1.0,Fiber optic,0.0,0.0,1.0,0.0,1.0,1.0,One year,1,Electronic check,99.5,5890.0,0.0
Male,0,1,0,32,1,1.0,Fiber optic,0.0,0.0,1.0,0.0,0.0,0.0,Month-to-month,1,Electronic check,78.9,2447.95,1.0
Male,0,1,0,69,1,0.0,DSL,1.0,1.0,0.0,0.0,0.0,0.0,One year,1,Credit card (automatic),53.65,3804.4,0.0
Male,0,1,0,12,1,0.0,Fiber optic,1.0,0.0,0.0,1.0,0.0,0.0,Month-to-month,0,Bank transfer (automatic),80.85,866.45,1.0
Female,0,1,1,49,1,0.0,DSL,0.0,1.0,1.0,0.0,1.0,1.0,One year,0,Credit card (automatic),78.0,3824.2,0.0
Female,0,0,1,23,1,0.0,DSL,0.0,0.0,0.0,1.0,0.0,0.0,One year,1,Electronic check,49.45,1119.35,0.0
Male,1,1,0,43,1,1.0,Fiber optic,0.0,1.0,1.0,0.0,1.0,1.0,Month-to-month,1,Electronic check,103.0,4414.3,1.0
Female,0,0,0,30,1,0.0,Fiber optic,0.0,0.0,0.0,1.0,1.0,1.0,One year,1,Bank transfer (automatic),94.4,2638.1,0.0
Male,0,0,0,58,1,0.0,No,0.0,0.0,0.0,0.0,0.0,0.0,Two year,0,Credit card (automatic),20.3,1131.5,0.0
Female,0,0,0,39,0,0.0,DSL,1.0,1.0,0.0,1.0,0.0,0.0,One year,0,Bank transfer (automatic),41.15,1700.9,0.0
Female,0,0,0,54,1,0.0,No,0.0,0.0,0.0,0.0,0.0,0.0,Two year,1,Mailed check,20.5,1035.7,0.0
Female,0,1,0,35,1,0.0,DSL,0.0,1.0,0.0,1.0,0.0,0.0,Month-to-month,0,Electronic check,56.85,1861.1,0.0
Male,0,0,0,26,1,1.0,Fiber optic,0.0,0.0,0.0,0.0,0.0,1.0,Month-to-month,1,Electronic check,83.95,2254.2,1.0
Female,0,1,1,29,1,0.0,No,0.0,0.0,0.0,0.0,0.0,0.0,Two year,0,Mailed check,20.2,558.8,0.0
Female,1,1,0,67,1,1.0,Fiber optic,1.0,0.0,1.0,0.0,1.0,1.0,One year,1,Credit card (automatic),107.05,7142.5,0.0
Male,0,1,1,14,1,0.0,DSL,1.0,1.0,0.0,0.0,0.0,1.0,Two year,1,Bank transfer (automatic),61.4,815.55,0.0
Male,0,1,0,60,1,0.0,DSL,1.0,0.0,0.0,0.0,1.0,0.0,One year,1,Mailed check,59.8,3561.15,0.0
Male,0,1,1,60,1,0.0,No,0.0,0.0,0.0,0.0,0.0,0.0,Two year,1,Bank transfer (automatic),20.95,1270.55,0.0
Female,1,0,0,3,0,0.0,DSL,0.0,0.0,0.0,0.0,0.0,0.0,Month-to-month,0,Electronic check,25.3,77.75,1.0
Female,0,1,1,10,1,0.0,DSL,0.0,1.0,0.0,1.0,0.0,1.0,Month-to-month,1,Electronic check,65.5,616.9,0.0
Male,0,0,0,9,1,0.0,DSL,0.0,0.0,0.0,0.0,0.0,0.0,Month-to-month,1,Mailed check,44.4,348.15,0.0
Female,0,1,0,39,0,0.0,DSL,1.0,0.0,1.0,0.0,1.0,1.0,Month-to-month,0,Electronic check,55.9,2184.35,1.0
Male,0,0,1,33,1,1.0,Fiber optic,1.0,0.0,1.0,0.0,0.0,1.0,Month-to-month,1,Bank transfer (automatic),95.3,3275.15,0.0
Female,0,1,1,39,1,0.0,DSL,0.0,0.0,1.0,0.0,1.0,0.0,Month-to-month,1,Mailed check,59.85,2341.5,0.0
Male,0,1,1,51,1,1.0,No,0.0,0.0,0.0,0.0,0.0,0.0,One year,1,Mailed check,23.95,1216.35,0.0
Female,0,0,0,35,1,0.0,DSL,1.0,1.0,1.0,0.0,0.0,0.0,Month-to-month,0,Electronic check,60.55,1982.6,0.0
Female,1,0,0,46,1,0.0,Fiber optic,0.0,1.0,1.0,0.0,1.0,0.0,One year,1,Bank transfer (automatic),91.3,4126.35,0.0
Female,0,1,1,58,1,1.0,No,0.0,0.0,0.0,0.0,0.0,0.0,Two year,0,Credit card (automatic),25.15,1509.9,0.0
Male,1,1,0,13,1,0.0,Fiber optic,0.0,0.0,0.0,0.0,0.0,0.0,Month-to-month,0,Bank transfer (automatic),70.45,849.1,0.0
Female,0,1,0,70,1,1.0,Fiber optic,0.0,1.0,1.0,1.0,1.0,1.0,Two year,1,Electronic check,110.5,7752.05,0.0
Female,0,1,0,3,1,0.0,No,0.0,0.0,0.0,0.0,0.0,0.0,Month-to-month,1,Mailed check,19.9,45.75,0.0
Female,0,1,0,60,1,1.0,Fiber optic,0.0,1.0,1.0,1.0,1.0,1.0,Two year,1,Credit card (automatic),110.8,6640.7,0.0
Male,0,0,0,1,1,0.0,No,0.0,0.0,0.0,0.0,0.0,0.0,Month-to-month,1,Mailed check,20.25,20.25,0.0
Female,0,1,0,8,1,1.0,Fiber optic,0.0,0.0,0.0,0.0,0.0,1.0,Month-to-month,1,Electronic check,84.9,764.95,1.0
Male,1,0,0,6,1,0.0,DSL,0.0,0.0,0.0,0.0,0.0,0.0,Month-to-month,0,Credit card (automatic),44.7,276.5,0.0
Male,0,0,0,2,1,0.0,No,0.0,0.0,0.0,0.0,0.0,0.0,Month-to-month,0,Mailed check,20.35,33.2,1.0
Male,1,1,0,19,0,0.0,DSL,0.0,1.0,1.0,0.0,0.0,0.0,Month-to-month,1,Credit card (automatic),34.3,577.15,0.0
Female,1,1,0,18,1,1.0,Fiber optic,0.0,0.0,0.0,1.0,1.0,1.0,Month-to-month,0,Bank transfer (automatic),99.75,1836.25,1.0
Male,0,0,1,21,1,0.0,No,0.0,0.0,0.0,0.0,0.0,0.0,Two year,0,Mailed check,19.6,397.0,0.0
Male,0,1,0,61,1,1.0,Fiber optic,0.0,0.0,0.0,0.0,1.0,1.0,One year,1,Bank transfer (automatic),96.5,5673.7,0.0
Male,0,0,0,1,1,0.0,No,0.0,0.0,0.0,0.0,0.0,0.0,Month-to-month,0,Mailed check,19.65,19.65,1.0
Female,0,0,0,7,1,0.0,DSL,0.0,0.0,1.0,1.0,0.0,1.0,Month-to-month,0,Bank transfer (automatic),62.8,418.3,0.0
Male,0,0,0,65,1,1.0,No,0.0,0.0,0.0,0.0,0.0,0.0,Two year,1,Bank transfer (automatic),25.1,1725.0,0.0
Male,0,1,0,70,1,0.0,Fiber optic,1.0,1.0,0.0,1.0,0.0,0.0,Two year,0,Bank transfer (automatic),84.6,5706.2,0.0
Male,0,1,1,39,1,0.0,DSL,1.0,1.0,1.0,0.0,0.0,0.0,One year,0,Electronic check,59.8,2343.85,0.0
Female,0,1,1,61,1,0.0,No,0.0,0.0,0.0,0.0,0.0,0.0,Two year,0,Credit card (automatic),19.75,1311.6,0.0
Male,0,0,0,17,1,0.0,No,0.0,0.0,0.0,0.0,0.0,0.0,Two year,0,Mailed check,19.15,343.45,0.0
Female,0,1,0,27,1,0.0,Fiber optic,0.0,1.0,0.0,0.0,0.0,0.0,Month-to-month,1,Electronic check,76.1,2093.4,0.0
Male,1,0,0,1,1,1.0,Fiber optic,0.0,0.0,0.0,0.0,0.0,0.0,Month-to-month,1,Electronic check,74.4,74.4,1.0
Female,1,1,1,66,1,1.0,Fiber optic,0.0,1.0,1.0,0.0,1.0,1.0,One year,1,Electronic check,104.9,6891.45,0.0
Female,0,1,1,43,1,0.0,No,0.0,0.0,0.0,0.0,0.0,0.0,One year,0,Mailed check,20.0,817.95,0.0
Male,0,0,0,8,1,1.0,Fiber optic,0.0,0.0,0.0,0.0,0.0,1.0,Month-to-month,1,Electronic check,86.55,649.65,1.0
Female,0,0,0,9,1,0.0,No,0.0,0.0,0.0,0.0,0.0,0.0,Month-to-month,0,Bank transfer (automatic),19.5,150.35,0.0
Male,0,0,1,71,1,0.0,DSL,1.0,1.0,1.0,1.0,1.0,0.0,Two year,1,Credit card (automatic),76.9,5522.7,0.0
Male,0,0,0,11,1,1.0,DSL,0.0,0.0,1.0,0.0,0.0,0.0,Month-to-month,0,Electronic check,53.75,608.0,1.0
Female,0,1,1,69,1,1.0,Fiber optic,1.0,1.0,1.0,1.0,1.0,0.0,One year,1,Credit card (automatic),105.1,7234.8,0.0
Female,0,0,0,12,1,1.0,Fiber optic,0.0,1.0,0.0,0.0,0.0,1.0,Month-to-month,1,Electronic check,89.15,1057.55,0.0
Female,0,1,0,53,1,0.0,Fiber optic,1.0,1.0,1.0,1.0,1.0,1.0,One year,0,Electronic check,110.5,5835.5,0.0
Female,0,1,0,30,1,1.0,Fiber optic,0.0,1.0,0.0,1.0,1.0,0.0,Month-to-month,1,Credit card (automatic),94.1,2804.45,1.0
Male,0,0,1,44,1,0.0,No,0.0,0.0,0.0,0.0,0.0,0.0,Two year,0,Bank transfer (automatic),19.55,819.95,0.0
Female,0,0,0,53,1,1.0,Fiber optic,1.0,1.0,1.0,0.0,1.0,0.0,One year,0,Mailed check,98.6,5311.85,0.0
Female,1,1,0,72,1,1.0,Fiber optic,1.0,0.0,1.0,1.0,1.0,1.0,Two year,1,Mailed check,109.75,8075.35,0.0
Male,0,1,1,31,0,0.0,DSL,1.0,0.0,1.0,1.0,1.0,1.0,One year,0,Electronic check,59.95,1848.8,0.0
Male,0,0,0,71,1,1.0,Fiber optic,1.0,1.0,1.0,1.0,1.0,1.0,One year,1,Bank transfer (automatic),116.3,8309.55,0.0
Male,0,0,0,14,1,0.0,No,0.0,0.0,0.0,0.0,0.0,0.0,Month-to-month,1,Electronic check,20.05,299.3,0.0
Male,0,0,1,23,0,0.0,DSL,1.0,0.0,1.0,1.0,0.0,0.0,Two year,0,Mailed check,40.1,857.75,0.0
Female,0,0,0,18,1,1.0,Fiber optic,0.0,0.0,1.0,1.0,0.0,1.0,Month-to-month,1,Bank transfer (automatic),95.05,1679.4,0.0
Female,0,1,1,57,1,0.0,No,0.0,0.0,0.0,0.0,0.0,0.0,Two year,1,Bank transfer (automatic),20.1,1087.7,0.0
Male,0,0,1,3,1,0.0,DSL,0.0,0.0,0.0,1.0,1.0,1.0,Month-to-month,0,Mailed check,70.7,225.65,0.0
Male,0,0,0,6,1,0.0,DSL,1.0,0.0,1.0,1.0,1.0,1.0,Two year,1,Mailed check,80.25,493.4,0.0
Male,0,1,1,22,1,0.0,Fiber optic,0.0,1.0,1.0,0.0,1.0,1.0,One year,1,Mailed check,100.05,2090.25,0.0
Male,0,1,1,10,1,0.0,DSL,0.0,0.0,1.0,0.0,1.0,0.0,Month-to-month,0,Mailed check,60.2,563.5,0.0
Female,0,1,1,72,1,1.0,DSL,1.0,1.0,0.0,1.0,0.0,0.0,Two year,0,Credit card (automatic),66.75,4760.3,0.0
Female,0,1,1,65,1,1.0,DSL,1.0,1.0,0.0,1.0,1.0,1.0,Two year,1,Bank transfer (automatic),82.5,5215.1,0.0
Female,0,1,0,2,1,0.0,DSL,0.0,0.0,1.0,0.0,1.0,1.0,Month-to-month,0,Credit card (automatic),69.0,147.8,0.0
Female,0,0,1,3,1,0.0,DSL,1.0,0.0,0.0,1.0,0.0,0.0,Month-to-month,1,Mailed check,55.1,154.65,1.0
Female,0,0,0,25,0,0.0,DSL,0.0,0.0,1.0,1.0,1.0,1.0,One year,0,Electronic check,54.2,1423.15,0.0
Male,0,0,0,7,1,0.0,DSL,1.0,0.0,0.0,0.0,0.0,0.0,Month-to-month,1,Mailed check,51.0,354.05,1.0
Male,0,0,0,21,1,1.0,Fiber optic,0.0,1.0,0.0,0.0,0.0,0.0,Month-to-month,1,Electronic check,82.35,1852.85,1.0
Female,0,0,0,25,1,0.0,DSL,0.0,1.0,0.0,1.0,0.0,1.0,Month-to-month,1,Bank transfer (automatic),65.8,1679.65,0.0
Male,0,0,0,1,1,0.0,No,0.0,0.0,0.0,0.0,0.0,0.0,Month-to-month,0,Mailed check,19.65,19.65,0.0
Female,0,0,0,68,0,0.0,DSL,1.0,1.0,1.0,1.0,1.0,1.0,Two year,0,Credit card (automatic),64.35,4539.6,0.0
